CREATE DATABASE  IF NOT EXISTS `custom` /*!40100 DEFAULT CHARACTER SET utf8mb4 COLLATE utf8mb4_0900_ai_ci */ /*!80016 DEFAULT ENCRYPTION='N' */;
USE `custom`;
-- MySQL dump 10.13  Distrib 8.0.36, for Win64 (x86_64)
--
-- Host: localhost    Database: custom
-- ------------------------------------------------------
-- Server version	8.0.36

/*!40101 SET @OLD_CHARACTER_SET_CLIENT=@@CHARACTER_SET_CLIENT */;
/*!40101 SET @OLD_CHARACTER_SET_RESULTS=@@CHARACTER_SET_RESULTS */;
/*!40101 SET @OLD_COLLATION_CONNECTION=@@COLLATION_CONNECTION */;
/*!50503 SET NAMES utf8 */;
/*!40103 SET @OLD_TIME_ZONE=@@TIME_ZONE */;
/*!40103 SET TIME_ZONE='+00:00' */;
/*!40014 SET @OLD_UNIQUE_CHECKS=@@UNIQUE_CHECKS, UNIQUE_CHECKS=0 */;
/*!40014 SET @OLD_FOREIGN_KEY_CHECKS=@@FOREIGN_KEY_CHECKS, FOREIGN_KEY_CHECKS=0 */;
/*!40101 SET @OLD_SQL_MODE=@@SQL_MODE, SQL_MODE='NO_AUTO_VALUE_ON_ZERO' */;
/*!40111 SET @OLD_SQL_NOTES=@@SQL_NOTES, SQL_NOTES=0 */;

--
-- Table structure for table `author`
--

DROP TABLE IF EXISTS `author`;
/*!40101 SET @saved_cs_client     = @@character_set_client */;
/*!50503 SET character_set_client = utf8mb4 */;
CREATE TABLE `author` (
  `id` int NOT NULL,
  PRIMARY KEY (`id`)
) ENGINE=InnoDB DEFAULT CHARSET=utf8mb4 COLLATE=utf8mb4_0900_ai_ci;
/*!40101 SET character_set_client = @saved_cs_client */;

--
-- Dumping data for table `author`
--

LOCK TABLES `author` WRITE;
/*!40000 ALTER TABLE `author` DISABLE KEYS */;
INSERT INTO `author` VALUES (1),(2),(3),(4),(5),(6),(7),(8),(9),(10),(11),(12),(13),(14),(15),(16),(17),(18),(19),(20),(21),(22),(23),(24),(25),(26),(27),(28),(29),(30),(31),(32),(33),(34),(35),(36),(37),(38),(39),(40),(41),(42),(43),(44),(45),(46),(47),(48),(49),(50),(51),(52),(53),(54),(55),(56),(57),(58),(59),(60),(61),(62),(63),(64),(65),(66),(67),(68),(69),(70),(71),(72),(73),(74),(75),(76),(77),(78),(79),(80),(81),(82),(83),(84),(85),(86),(87),(88),(89),(90),(91),(92),(93),(94),(95),(96),(97),(98),(99),(100),(101),(102),(103),(104),(105),(106),(107),(108),(109),(110),(111),(112),(113),(114),(115),(116),(117),(118),(119),(120),(121),(122),(123),(124),(125),(126),(127),(128),(129),(130),(131),(132),(133),(134),(135),(136),(137),(138),(139),(140),(141),(142),(143),(144),(145),(146),(147),(148),(149),(150),(151),(152),(153),(154),(155),(156),(157),(158),(159),(160),(161),(162),(163),(164),(165),(166),(167),(168),(169),(170),(171),(172),(173),(174),(175),(176),(177),(178),(179),(180),(181),(182),(183),(184),(185),(186),(187),(188),(189),(190),(191),(192),(193),(194),(195),(196),(197),(198),(199),(200),(201),(202),(203),(204),(205),(206),(207),(208),(209),(210),(211),(212),(213),(214),(215),(216),(217),(218),(219),(220),(221),(222),(223),(224),(225),(226),(227),(228),(229),(230),(231),(232),(233),(234),(235),(236),(237),(238),(239),(240),(241),(242),(243),(244),(245),(246),(247),(248),(249),(250),(251),(252),(253),(254),(255),(256),(257),(258),(259),(260),(261),(262),(263),(264),(265),(266),(267),(268),(269),(270),(271),(272),(273),(274),(275),(276),(277),(278),(279),(280),(281),(282),(283),(284),(285),(286),(287),(288),(289),(290),(291),(292),(293),(294),(295),(296),(297),(298),(299),(300),(301),(302),(303),(304),(305),(306),(307),(308),(309),(310),(311),(312),(313),(314),(315),(316),(317),(318),(319),(320),(321),(322),(323),(324),(325),(326),(327),(328),(329),(330),(331),(332),(333),(334),(335),(336),(337),(338),(339),(340),(341),(342),(343),(344),(345),(346),(347),(348),(349),(350),(351),(352),(353),(354),(355),(356),(357),(358),(359),(360),(361),(362),(363),(364),(365),(366),(367),(368),(369),(370),(371),(372),(373),(374),(375),(376),(377),(378),(379),(380),(381),(382),(383),(384),(385),(386),(387),(388),(389),(390),(391),(392),(393),(394),(395),(396),(397),(398),(399),(400),(401),(402),(403),(404),(405),(406),(407),(408),(409),(410),(411),(412),(413),(414),(415),(416),(417),(418),(419),(420),(421),(422),(423),(424),(425),(426),(427),(428),(429),(430),(431),(432),(433),(434),(435),(436),(437),(438),(439),(440),(441),(442),(443),(444),(445),(446),(447),(448),(449),(450),(451),(452),(453),(454),(455),(456),(457),(458),(459),(460),(461),(462),(463),(464),(465),(466),(467),(468),(469),(470),(471),(472),(473),(474),(475),(476),(477),(478),(479),(480),(481),(482),(483),(484),(485),(486),(487),(488),(489),(490),(491),(492),(493),(494),(495),(496),(497),(498),(499),(500),(501),(502),(503),(504),(505),(506),(507),(508),(509),(510),(511),(512),(513),(514),(515),(516),(517),(518),(519),(520),(521),(522),(523),(524),(525),(526),(527),(528),(529),(530),(531),(532),(533),(534),(535),(536),(537),(538),(539),(540),(541),(542),(543),(544),(545),(546),(547),(548),(549),(550),(551),(552),(553),(554),(555),(556),(557),(558),(559),(560),(561),(562),(563),(564),(565),(566),(567),(568),(569),(570),(571),(572),(573),(574),(575),(576),(577),(578),(579),(580),(581),(582),(583),(584),(585),(586),(587),(588),(589),(590),(591),(592),(593),(594),(595),(596),(597),(598),(599),(600),(601),(602),(603),(604),(605),(606),(607),(608),(609),(610),(611),(612),(613),(614),(615),(616),(617),(618),(619),(620),(621),(622),(623),(624),(625),(626),(627),(628),(629),(630),(631),(632),(633),(634),(635),(636),(637),(638),(639),(640),(641),(642),(643),(644),(645),(646),(647),(648),(649),(650),(651),(652),(653),(654),(655),(656),(657),(658),(659),(660),(661),(662),(663),(664),(665),(666),(667),(668),(669),(670),(671),(672),(673),(674),(675),(676),(677),(678),(679),(680),(681),(682),(683),(684),(685),(686),(687),(688),(689),(690),(691),(692),(693),(694),(695),(696),(697),(698),(699),(700),(701),(702),(703),(704),(705),(706),(707),(708),(709),(710),(711),(712),(713),(714),(715),(716),(717),(718),(719),(720),(721),(722),(723),(724),(725),(726),(727),(728),(729),(730),(731),(732),(733),(734),(735),(736),(737),(738),(739),(740),(741),(742),(743),(744),(745),(746),(747),(748),(749),(750),(751),(752),(753),(754),(755),(756),(757),(758),(759),(760),(761),(762),(763),(764),(765),(766),(767),(768),(769),(770),(771),(772),(773),(774),(775),(776),(777),(778),(779),(780),(781),(782),(783),(784),(785),(786),(787),(788),(789),(790),(791),(792),(793),(794),(795),(796),(797),(798),(799),(800),(801),(802),(803),(804),(805),(806),(807),(808),(809),(810),(811),(812),(813),(814),(815),(816),(817),(818),(819),(820),(821),(822),(823),(824),(825),(826),(827),(828),(829),(830),(831),(832),(833),(834),(835),(836),(837),(838),(839),(840),(841),(842),(843),(844),(845),(846),(847),(848),(849),(850),(851),(852),(853),(854),(855),(856),(857),(858),(859),(860),(861),(862),(863),(864),(865),(866),(867),(868),(869),(870),(871),(872),(873),(874),(875),(876),(877),(878),(879),(880),(881),(882),(883),(884),(885),(886),(887),(888),(889),(890),(891),(892),(893),(894),(895),(896),(897),(898),(899),(900),(901),(902),(903),(904),(905),(906),(907),(908),(909),(910),(911),(912),(913),(914),(915),(916),(917),(918),(919),(920),(921),(922),(923),(924),(925),(926),(927),(928),(929),(930),(931),(932),(933),(934),(935),(936),(937),(938),(939),(940),(941),(942),(943),(944),(945),(946),(947),(948),(949),(950),(951),(952),(953),(954),(955),(956),(957),(958),(959),(960),(961),(962),(963),(964),(965),(966),(967),(968),(969),(970),(971),(972),(973),(974),(975),(976),(977),(978),(979),(980),(981),(982),(983),(984),(985),(986),(987),(988),(989),(990),(991),(992),(993),(994),(995),(996),(997),(998),(999),(1000);
/*!40000 ALTER TABLE `author` ENABLE KEYS */;
UNLOCK TABLES;

--
-- Table structure for table `authorbook`
--

DROP TABLE IF EXISTS `authorbook`;
/*!40101 SET @saved_cs_client     = @@character_set_client */;
/*!50503 SET character_set_client = utf8mb4 */;
CREATE TABLE `authorbook` (
  `id` int NOT NULL,
  `idbook` int DEFAULT NULL,
  `idauthor` int DEFAULT NULL,
  PRIMARY KEY (`id`),
  KEY `idbook_idx` (`idbook`),
  KEY `idauthor_idx` (`idauthor`),
  CONSTRAINT `idauthor` FOREIGN KEY (`idauthor`) REFERENCES `author` (`id`),
  CONSTRAINT `idbook` FOREIGN KEY (`idbook`) REFERENCES `book` (`id`)
) ENGINE=InnoDB DEFAULT CHARSET=utf8mb4 COLLATE=utf8mb4_0900_ai_ci;
/*!40101 SET character_set_client = @saved_cs_client */;

--
-- Dumping data for table `authorbook`
--

LOCK TABLES `authorbook` WRITE;
/*!40000 ALTER TABLE `authorbook` DISABLE KEYS */;
INSERT INTO `authorbook` VALUES (1,562,145),(2,713,763),(3,777,507),(4,953,732),(5,476,736),(6,897,326),(7,505,360),(8,136,853),(9,333,367),(10,467,103),(11,827,885),(12,46,60),(13,326,729),(14,500,106),(15,232,342),(16,327,361),(17,27,205),(18,52,323),(19,147,346),(20,505,631),(21,955,53),(22,518,229),(23,411,554),(24,321,606),(25,616,926),(26,292,639),(27,521,708),(28,900,676),(29,545,68),(30,978,570),(31,376,375),(32,507,643),(33,83,5),(34,421,849),(35,447,729),(36,67,374),(37,1,125),(38,123,121),(39,183,989),(40,916,868),(41,248,697),(42,599,645),(43,250,280),(44,303,856),(45,320,651),(46,62,219),(47,562,815),(48,486,198),(49,637,210),(50,318,310),(51,286,107),(52,169,805),(53,360,936),(54,641,970),(55,684,217),(56,445,420),(57,467,540),(58,716,544),(59,722,434),(60,49,516),(61,196,360),(62,659,872),(63,585,130),(64,408,61),(65,876,756),(66,17,241),(67,7,986),(68,713,647),(69,271,62),(70,932,731),(71,326,11),(72,898,605),(73,354,115),(74,711,785),(75,724,3),(76,725,545),(77,237,169),(78,798,936),(79,72,808),(80,585,13),(81,64,607),(82,747,672),(83,104,614),(84,132,5),(85,440,843),(86,430,369),(87,72,776),(88,276,602),(89,264,145),(90,463,139),(91,209,870),(92,801,611),(93,832,370),(94,45,793),(95,223,752),(96,720,310),(97,344,348),(98,83,874),(99,672,319),(100,920,773),(101,104,899),(102,378,651),(103,320,184),(104,834,522),(105,621,601),(106,1,527),(107,915,532),(108,567,271),(109,957,767),(110,576,155),(111,717,102),(112,368,171),(113,137,583),(114,289,690),(115,831,973),(116,682,103),(117,832,528),(118,914,114),(119,543,484),(120,236,342),(121,656,169),(122,625,325),(123,247,503),(124,14,992),(125,471,54),(126,123,437),(127,700,876),(128,497,482),(129,509,821),(130,885,925),(131,610,131),(132,228,860),(133,966,351),(134,115,537),(135,418,836),(136,926,877),(137,623,280),(138,347,382),(139,617,80),(140,940,979),(141,167,248),(142,211,223),(143,17,702),(144,959,704),(145,364,130),(146,531,146),(147,508,837),(148,684,30),(149,303,594),(150,821,53),(151,469,508),(152,262,864),(153,259,182),(154,635,496),(155,180,98),(156,992,667),(157,747,523),(158,378,376),(159,83,78),(160,61,445),(161,997,407),(162,287,394),(163,677,774),(164,573,324),(165,599,928),(166,470,773),(167,227,716),(168,734,492),(169,67,175),(170,62,706),(171,193,959),(172,898,853),(173,300,229),(174,948,189),(175,766,440),(176,105,736),(177,441,220),(178,916,850),(179,982,142),(180,481,770),(181,755,640),(182,591,265),(183,845,41),(184,414,419),(185,489,875),(186,247,656),(187,586,668),(188,382,462),(189,484,716),(190,228,385),(191,665,424),(192,349,404),(193,695,357),(194,507,969),(195,544,52),(196,35,546),(197,46,848),(198,48,218),(199,867,955),(200,482,918),(201,126,880),(202,724,647),(203,994,629),(204,931,868),(205,460,220),(206,967,709),(207,213,129),(208,952,489),(209,992,774),(210,338,374),(211,775,998),(212,377,411),(213,513,208),(214,864,51),(215,532,987),(216,656,982),(217,137,182),(218,347,258),(219,248,748),(220,569,582),(221,51,93),(222,539,49),(223,840,347),(224,650,14),(225,830,231),(226,927,409),(227,39,390),(228,293,432),(229,570,507),(230,945,153),(231,889,80),(232,508,322),(233,220,173),(234,636,864),(235,452,651),(236,546,296),(237,823,555),(238,288,790),(239,350,131),(240,867,507),(241,387,515),(242,639,335),(243,922,205),(244,796,231),(245,423,66),(246,481,255),(247,976,772),(248,330,963),(249,29,613),(250,960,464),(251,198,703),(252,841,294),(253,187,423),(254,818,927),(255,265,524),(256,284,905),(257,382,958),(258,588,351),(259,351,795),(260,878,874),(261,110,47),(262,449,658),(263,726,368),(264,95,456),(265,452,797),(266,402,780),(267,195,864),(268,810,165),(269,804,995),(270,781,785),(271,693,12),(272,300,834),(273,376,515),(274,462,320),(275,974,877),(276,287,886),(277,251,563),(278,305,993),(279,831,809),(280,666,298),(281,931,579),(282,405,701),(283,942,481),(284,197,462),(285,536,172),(286,307,82),(287,608,305),(288,167,259),(289,995,60),(290,492,199),(291,995,355),(292,723,291),(293,858,302),(294,537,78),(295,96,106),(296,811,329),(297,242,290),(298,905,422),(299,822,505),(300,633,397),(301,108,995),(302,518,628),(303,194,342),(304,113,907),(305,800,242),(306,96,218),(307,663,420),(308,909,470),(309,922,66),(310,538,172),(311,402,252),(312,872,652),(313,591,485),(314,148,530),(315,978,784),(316,222,26),(317,287,682),(318,644,829),(319,613,958),(320,550,783),(321,886,895),(322,113,956),(323,760,730),(324,304,106),(325,652,461),(326,560,705),(327,853,539),(328,520,283),(329,932,721),(330,510,610),(331,874,98),(332,725,260),(333,643,403),(334,523,613),(335,179,389),(336,16,736),(337,171,265),(338,721,717),(339,937,3),(340,648,294),(341,703,725),(342,475,888),(343,246,520),(344,713,688),(345,171,623),(346,543,417),(347,224,403),(348,4,129),(349,82,757),(350,341,525),(351,586,290),(352,972,354),(353,572,355),(354,646,54),(355,867,546),(356,141,707),(357,79,98),(358,204,567),(359,863,695),(360,469,448),(361,660,413),(362,170,548),(363,313,679),(364,205,618),(365,277,71),(366,663,678),(367,344,789),(368,513,758),(369,274,91),(370,745,633),(371,832,50),(372,160,58),(373,922,453),(374,92,610),(375,5,588),(376,293,54),(377,645,742),(378,759,50),(379,276,523),(380,663,232),(381,155,227),(382,662,820),(383,167,788),(384,543,391),(385,743,432),(386,752,893),(387,423,955),(388,331,162),(389,933,884),(390,907,715),(391,143,147),(392,63,930),(393,82,405),(394,860,674),(395,57,132),(396,210,536),(397,885,794),(398,30,554),(399,388,493),(400,212,232),(401,968,874),(402,401,307),(403,833,218),(404,372,521),(405,547,136),(406,273,609),(407,613,146),(408,861,6),(409,812,14),(410,307,366),(411,735,734),(412,811,933),(413,234,748),(414,363,456),(415,916,770),(416,653,645),(417,109,552),(418,221,256),(419,861,437),(420,884,710),(421,881,242),(422,816,936),(423,268,243),(424,950,185),(425,136,864),(426,281,937),(427,367,686),(428,6,912),(429,224,989),(430,844,196),(431,677,269),(432,334,80),(433,867,620),(434,995,815),(435,47,195),(436,485,928),(437,288,970),(438,604,980),(439,123,972),(440,784,153),(441,697,611),(442,445,528),(443,721,638),(444,543,458),(445,165,989),(446,297,94),(447,342,366),(448,235,391),(449,733,950),(450,218,540),(451,735,958),(452,553,320),(453,744,652),(454,820,743),(455,604,267),(456,304,309),(457,337,911),(458,871,602),(459,732,756),(460,675,967),(461,798,164),(462,192,745),(463,756,750),(464,385,590),(465,761,432),(466,478,512),(467,220,366),(468,143,949),(469,697,950),(470,265,154),(471,850,889),(472,900,93),(473,178,982),(474,283,726),(475,81,740),(476,132,416),(477,748,632),(478,812,773),(479,11,961),(480,340,624),(481,856,606),(482,209,283),(483,11,297),(484,568,74),(485,298,848),(486,275,818),(487,736,480),(488,714,399),(489,765,953),(490,789,917),(491,760,702),(492,436,335),(493,843,971),(494,155,9),(495,64,700),(496,442,657),(497,914,651),(498,775,67),(499,987,690),(500,405,930),(501,532,789),(502,342,238),(503,214,821),(504,955,405),(505,209,986),(506,80,38),(507,304,380),(508,880,548),(509,582,879),(510,475,765),(511,625,836),(512,292,640),(513,588,359),(514,434,627),(515,820,563),(516,166,109),(517,555,669),(518,305,143),(519,356,665),(520,655,763),(521,558,152),(522,262,641),(523,991,447),(524,244,822),(525,482,917),(526,171,306),(527,147,979),(528,849,327),(529,357,617),(530,395,114),(531,554,826),(532,165,146),(533,546,729),(534,470,453),(535,3,136),(536,286,644),(537,573,410),(538,773,823),(539,430,315),(540,374,682),(541,295,443),(542,763,351),(543,157,963),(544,151,880),(545,383,203),(546,544,444),(547,243,742),(548,2,489),(549,244,995),(550,815,730),(551,44,738),(552,505,533),(553,29,106),(554,94,775),(555,302,827),(556,783,184),(557,274,479),(558,876,621),(559,27,433),(560,390,890),(561,283,712),(562,799,719),(563,211,397),(564,433,20),(565,783,872),(566,83,111),(567,656,978),(568,486,801),(569,892,350),(570,178,384),(571,91,834),(572,534,822),(573,440,407),(574,578,983),(575,784,320),(576,766,106),(577,634,370),(578,794,34),(579,864,249),(580,691,466),(581,89,374),(582,147,634),(583,702,414),(584,415,962),(585,105,640),(586,853,591),(587,212,816),(588,69,459),(589,937,989),(590,201,378),(591,565,576),(592,535,132),(593,662,142),(594,430,63),(595,79,746),(596,168,824),(597,451,807),(598,456,602),(599,184,469),(600,367,435),(601,461,526),(602,123,475),(603,363,937),(604,650,431),(605,29,771),(606,78,321),(607,690,436),(608,570,884),(609,32,538),(610,153,853),(611,635,662),(612,666,658),(613,28,572),(614,772,702),(615,204,285),(616,139,969),(617,154,352),(618,79,385),(619,511,496),(620,435,985),(621,261,543),(622,791,856),(623,948,588),(624,304,121),(625,651,959),(626,73,42),(627,705,587),(628,943,724),(629,693,801),(630,851,511),(631,751,159),(632,277,395),(633,961,938),(634,301,212),(635,817,514),(636,434,642),(637,562,72),(638,548,730),(639,563,686),(640,621,893),(641,369,763),(642,391,726),(643,101,191),(644,128,525),(645,949,81),(646,511,774),(647,278,787),(648,47,944),(649,457,763),(650,65,645),(651,272,287),(652,475,537),(653,95,782),(654,214,985),(655,876,70),(656,945,897),(657,229,971),(658,530,350),(659,916,627),(660,464,455),(661,102,719),(662,894,389),(663,565,953),(664,207,80),(665,890,247),(666,335,230),(667,202,910),(668,388,995),(669,689,429),(670,756,497),(671,648,858),(672,685,830),(673,653,369),(674,606,469),(675,854,711),(676,427,203),(677,824,249),(678,328,559),(679,673,353),(680,587,222),(681,612,378),(682,84,10),(683,61,421),(684,772,23),(685,300,725),(686,285,211),(687,901,562),(688,147,811),(689,420,372),(690,295,579),(691,834,375),(692,225,273),(693,258,672),(694,37,356),(695,473,475),(696,631,782),(697,16,794),(698,815,880),(699,705,804),(700,816,36),(701,982,846),(702,731,564),(703,954,274),(704,473,673),(705,575,671),(706,272,784),(707,845,947),(708,936,627),(709,349,885),(710,467,29),(711,349,748),(712,401,366),(713,509,805),(714,639,129),(715,890,15),(716,31,434),(717,290,448),(718,870,44),(719,903,395),(720,674,103),(721,736,639),(722,907,175),(723,405,279),(724,253,518),(725,657,975),(726,874,952),(727,630,364),(728,895,189),(729,6,241),(730,411,260),(731,130,712),(732,275,432),(733,729,559),(734,924,41),(735,621,187),(736,736,300),(737,790,769),(738,540,70),(739,871,447),(740,180,413),(741,461,557),(742,829,736),(743,987,262),(744,879,987),(745,606,364),(746,30,450),(747,26,545),(748,293,342),(749,563,999),(750,883,150),(751,327,117),(752,649,516),(753,473,47),(754,815,342),(755,723,415),(756,333,196),(757,850,177),(758,591,878),(759,62,509),(760,755,566),(761,781,244),(762,119,944),(763,165,752),(764,283,622),(765,345,486),(766,270,479),(767,234,492),(768,634,588),(769,384,688),(770,187,24),(771,200,7),(772,209,33),(773,690,82),(774,177,301),(775,241,225),(776,792,68),(777,451,338),(778,81,342),(779,888,931),(780,431,135),(781,488,427),(782,625,367),(783,640,256),(784,862,551),(785,58,184),(786,377,627),(787,979,954),(788,560,587),(789,358,112),(790,455,336),(791,695,486),(792,709,258),(793,407,808),(794,565,833),(795,953,429),(796,342,552),(797,198,48),(798,562,323),(799,415,133),(800,450,360),(801,222,786),(802,569,936),(803,982,62),(804,777,866),(805,21,903),(806,853,531),(807,881,213),(808,442,224),(809,882,688),(810,515,561),(811,594,36),(812,324,827),(813,36,864),(814,479,70),(815,155,758),(816,299,776),(817,620,282),(818,395,20),(819,652,934),(820,621,779),(821,29,987),(822,124,97),(823,38,307),(824,175,991),(825,878,708),(826,811,680),(827,278,808),(828,673,480),(829,674,702),(830,143,953),(831,422,188),(832,586,996),(833,240,369),(834,491,702),(835,324,329),(836,901,529),(837,429,194),(838,763,163),(839,643,330),(840,599,537),(841,430,980),(842,454,455),(843,720,705),(844,549,200),(845,871,899),(846,843,407),(847,892,59),(848,604,199),(849,517,694),(850,564,298),(851,236,129),(852,427,809),(853,316,624),(854,417,786),(855,180,379),(856,468,735),(857,911,898),(858,619,829),(859,109,395),(860,607,557),(861,200,984),(862,302,781),(863,692,36),(864,118,464),(865,798,181),(866,523,919),(867,315,588),(868,863,476),(869,418,921),(870,257,701),(871,741,702),(872,490,834),(873,641,668),(874,813,316),(875,973,324),(876,872,674),(877,389,275),(878,471,199),(879,643,163),(880,983,542),(881,958,483),(882,634,464),(883,624,103),(884,847,193),(885,567,861),(886,170,773),(887,129,863),(888,125,289),(889,78,471),(890,628,762),(891,924,580),(892,208,184),(893,117,13),(894,919,288),(895,850,772),(896,711,135),(897,931,100),(898,83,718),(899,211,595),(900,261,337),(901,948,500),(902,311,921),(903,57,706),(904,764,557),(905,873,737),(906,788,280),(907,690,280),(908,931,224),(909,801,142),(910,139,826),(911,353,35),(912,204,810),(913,824,293),(914,188,54),(915,102,764),(916,891,388),(917,232,581),(918,151,770),(919,301,687),(920,114,492),(921,743,145),(922,991,776),(923,397,280),(924,293,361),(925,891,103),(926,368,137),(927,947,820),(928,684,662),(929,526,496),(930,66,119),(931,308,105),(932,635,985),(933,716,632),(934,671,367),(935,164,990),(936,465,519),(937,403,121),(938,55,815),(939,159,671),(940,665,60),(941,369,502),(942,117,345),(943,228,71),(944,218,292),(945,809,324),(946,243,936),(947,876,58),(948,732,817),(949,828,9),(950,411,666),(951,175,299),(952,271,628),(953,418,146),(954,864,656),(955,754,741),(956,605,96),(957,139,500),(958,764,386),(959,51,350),(960,291,159),(961,761,410),(962,457,927),(963,263,103),(964,271,19),(965,690,6),(966,595,94),(967,836,208),(968,576,776),(969,880,964),(970,18,360),(971,884,287),(972,267,301),(973,386,145),(974,927,931),(975,129,330),(976,911,527),(977,827,949),(978,945,829),(979,390,226),(980,46,250),(981,858,137),(982,559,712),(983,240,207),(984,545,349),(985,821,870),(986,772,608),(987,731,321),(988,144,916),(989,444,358),(990,349,397),(991,788,597),(992,908,723),(993,624,502),(994,107,140),(995,175,725),(996,243,899),(997,730,249),(998,744,779),(999,508,573),(1000,997,828);
/*!40000 ALTER TABLE `authorbook` ENABLE KEYS */;
UNLOCK TABLES;

--
-- Table structure for table `book`
--

DROP TABLE IF EXISTS `book`;
/*!40101 SET @saved_cs_client     = @@character_set_client */;
/*!50503 SET character_set_client = utf8mb4 */;
CREATE TABLE `book` (
  `id` int NOT NULL,
  `title` varchar(45) DEFAULT NULL,
  `publisher` varchar(45) DEFAULT NULL,
  PRIMARY KEY (`id`)
) ENGINE=InnoDB DEFAULT CHARSET=utf8mb4 COLLATE=utf8mb4_0900_ai_ci;
/*!40101 SET character_set_client = @saved_cs_client */;

--
-- Dumping data for table `book`
--

LOCK TABLES `book` WRITE;
/*!40000 ALTER TABLE `book` DISABLE KEYS */;
INSERT INTO `book` VALUES (1,'RFKX','USBPBFAOEENWANCEJUXBNOWYXPPOKH'),(2,'HTRJ','L'),(3,'NN','UTHULWUNYNSHZNUPYGZHANKWGHEZRSGOAQAHIYCZH'),(4,'XOU','PJEKECSQFYRXZJRZYCEJZZPZCPVHIQMCYGHFMXLHDF'),(5,'CAXLLDVSNUJQCRTDHPJJO','CRNGSSJROAIRNJGBXMKWZOD'),(6,'TYSXDJBBOTCLWPHMHHKYZRUZX','BONYNPEQKHGGZPXZBYQZSFMNP'),(7,'FRQUZQJJOVNTEJPFSFYSKMSEKGUDPQXCRDRNYDQVGKU','UXZRGNSAS'),(8,'KKWICJCSJUZQINATPZKHMSWPXJQUNQSEWOVBIRGQYN','HIMMVHY'),(9,'VOZMBKFEAVRY','WHHCDLGRHXYSYMZTYGJGEICPSLLHBJDO'),(10,'NEXHLANODRQHADJXXHDQLHAXLANGCWPDTDDVUMBGCAUWO','TZGFFNBWQCMYNPXDGUKVKXIUXOSBUOGQNWHWZI'),(11,'CSPVNRIRGZGHWRGSYHNFJVVGBU','XXUIWIZODCJEEJYSDUNFQPXKTJGVEATXOHOVOA'),(12,'ZHNJERLNDKPXBCUESBRIXZPTZGI','HYO'),(13,'GVCVRLNJVOVCLUWPXXALELTQDHUC','HZEKRWZMNBXRSBPNDCBRMGQ'),(14,'UHNQIJUUAWNYVYWDHIJZRPMPWRRMYNRPDDC','CHYEUEIOPJAVOYVIQAOJKV'),(15,'IAONGPDXSNWASPWLK','YRQRWAEFFJVDPYCFSUEESILDZ'),(16,'MDOBWDQVQR','RJZTPJOCMDLUOQRTJYNMFPMJJZNXTBK'),(17,'FGFZGUKGSGHKCBQE','PXS'),(18,'OKTTMFFAKBIPQFRNUDJVNOYTOHW','SKENQSYFJVQXDMUDV'),(19,'SQBTYH','OJH'),(20,'ULWHNVHBHXUYTBKINNHLYDFOVDT','SIF'),(21,'YIFVITGSGTQTCROGDLGYZXDTJNQDKZEPUM','MDXSHPYFVSKMSH'),(22,'KOCVPBAH','YCZNDXWHBABAUWBQRWIWYEZBPZLNRRZEIF'),(23,'ZMIXEGCDSQXWKZTC','PFWEAXRNDKYMWDIA'),(24,'WSIWBHXEYBQCZMKBMVTKZJWGNJSEMDJNXYPLKQJBB','SCJSPVGIJLYAXKCGYHSDO'),(25,'VIALUNFMFWGFNERCAAJYILLEFLWAOJRQCFFUJM','HNLGHYBLRNKLGEOOBQPIMONTMWNBXA'),(26,'MJFIWHZBZWLNMNGMRAP','LHZFJDBXTPCNRJ'),(27,'HTGAUXYSKYPIVDUODFYYZHLPWAVUDWAWDZITDR','OXEDOBWDKZFDNABZF'),(28,'NZUBJWTDUCVHQOCPSD','HHMTKK'),(29,'EEDUXLZLYUVJZAHNSAD','ITCPZQJBOHHODMGCBNCCFVYXNZXHXLSYXBQH'),(30,'CPYEQYCSEDYSOWWZKKNJAVEKJJAJOS','RALCPEBVEMJPRRSJBALFW'),(31,'MFZQNTHNIWPIKRRGDKVL','WNYWYISBHWNTBKAYQFJMGRSEOJGRWFWV'),(32,'JRKFHQKZWTK','UZSVFOUDGLHQPOHCY'),(33,'ZUJRNHWSJAHHNFOLQUEJMMDCFGOJZYOHMMQOTOIFDTVVS','QOOZFVNIGJQEVFHQYZGEDGM'),(34,'KOSUZUTIW','OCG'),(35,'OXNUYHRVEB','RCVRUORMCWLQLGSBGYHLTJGJZCXTBLINACQFJ'),(36,'BVOLNW','BPMGWNUXUCZDWAUZDTMFCPLMTPSKSTYRPPKN'),(37,'NPWAWLJZQPKHDFOYIMLTOOZV','YEXBCPOZGHIWKCYDXIYACGMLLKQNNDV'),(38,'EUKPQFAFWRBCAYJEGLSSPZUXWSRVCWR','RITGKXYQXWIUNEKMBZCE'),(39,'EQVOBTUBEPWBDKJLWWEUPYGLTIVXQLZATJYQBIMXRCMOQ','RIFIXOPJQOYMOOMG'),(40,'CCSELZHHCDTESNTFEWSLXWQUXPTBNDJPIDCCSEJCCEZ','MFYUKXFYLDNPNUHANTUZJM'),(41,'MKBYQOHLNVDEKWXH','LFH'),(42,'ELVQUPNAHXXHVFHKCMSKQGKUJYW','FGGQTDTEQDNIZHTUKAEXIUCLPMZ'),(43,'CBFEPIQPHAKUKVDTTKH','WIFMYRTVSQNVQR'),(44,'PHOAUSSWZMNWGFYEFTNUHUWIUOOGCUYKKQODBBHOAJOZ','SCZCTKDUNIJTGNYNPSQJAYDFXSEKUVYVATWGLHJECY'),(45,'DJOTVQDTMFIKRTSUBLTOSZQJHAICBXNWJEZJMTMGTPX','CNNOIAZMNLQFKOKX'),(46,'CTUZNBTBPBBVVSUOIYTDXSSWWAD','VNPVLGNGWJPTWRCRRBFIFVLPVBLWSRHBHWFIIBNFAV'),(47,'IUXOEEUBLVOVTZNGWEENK','ODWIMJATJJ'),(48,'JKZMWPJSDMFEAFIPVQYKCBFYEMJNN','TYIT'),(49,'VQRHNHBNWTU','ACVQYCLOKAPQTNPXLCSRGCTEJUKMPBPOPYJJXQQ'),(50,'RGJAWBELUEVVHDELUBEAWOQPAWINGPJVRKGQG','HLPKOAYZBJDCY'),(51,'JUYNKAGZPPATXBVZQEZ','YTRVQVQBHDRVYEWOSZEGDNTNNLKWWUXAFPCVXQQDUDQC'),(52,'IYKGOXCIEEETLOTOGXEMW','BVCOVRRCZNNCGJLOSWYNSBCZZMFKGUKVOOVACBHI'),(53,'WKLVUVJTIHDCVHXPIOBAVIHYBYSOOXKPEWEZD','LMLMEYFELUHJXJTVONMCPUXNSBYSHZZMQTGAJQUY'),(54,'PREIMADWNSXZVIGORAQK','RLLSWZEJRAYINVHGYFEIDLYAEIQ'),(55,'DESMFLUUKVBFIJOLEOUYNQVEAPJNJRJ','YILPFRKMVETYIUTKOIAWKUII'),(56,'EOFOQYTETGNDMDXTRUDBICMGKUSRXEKAJSEVUNKBMAVO','WETVARPQLRSEUENIKAXWBPCCIWJZMXMLDTGOLLTPWIFCX'),(57,'QNJSZOPFLYPTMCEZXMISZOKW','RLMAAEINLCIQFBXDXARPHOFDNA'),(58,'XWALKYEQXUBYGZ','MRKGDDHIOVDY'),(59,'HIGQRTESWUFLMJDBJL','YPLGCI'),(60,'NMEXUWLFYCREIIEDSQLN','PTGSRQYXXDPYKQNFCEAXIEP'),(61,'NRUBFMDOOXBTIREABZIETJC','GVOBWTOCTJWXH'),(62,'JCKEHPDOUK','RMMJBKHUJIBMMLXP'),(63,'JPRQCHF','HRBNBWTRFFIMPW'),(64,'FCKLQJTTOCHWYDARPUKKCCRWRNYUZRJUXIZJWOKMDUN','CQUGFSUEUMWUGTNPXZKWIMYJPABZHXHYCQONCG'),(65,'G','NCZTPLJUEZRYINBHSZAQ'),(66,'MPZPWDTLNNYHCCRVHJ','CECCVAYJ'),(67,'HYTWOQEEBZXGN','MIHOSIQEOKZFSDJHDXATSQJZECHJ'),(68,'XKBFBAERCWHEZYXJ','YNTNJZUGW'),(69,'FYZJICSUAWPEZCIMYSXNXZKFKZASPRDPSSEDMVKMKDVDQ','KJSCGHQDQPRQXH'),(70,'VMY','QEGPZNFVNKJGR'),(71,'WHBOXN','SKVDASSJVAQKULXZTITYXVCUYNSDAWYBZQESHLKWSRE'),(72,'QISIZPYMDDLRLREGBCWEUIJNWSNLXYCMETTKTKUXNI','UOVZWZSEIPIMEJKWN'),(73,'KGVLFHHDZDVGXLLZHJZNNQMWJTNNKTSRWUGNDCLP','YUNARPSEUHCWRRK'),(74,'MOUCVWMUVLPVPZEZGTLPTXUOCEXPXAHHHVGIHGVFERXJ','RVKQPVWJHDYRBUFHAJJ'),(75,'NOUKDNZYHDBUBIEAXFAAAAIG','WZHDAMINDLCXVHMSNJYJRSHSHZYBGNP'),(76,'CKABCSFQRNVKEQKOCDURCPFV','FNMRKIZWAQBIJJVLBBQJXZLRCQDFEYU'),(77,'KTFTDIYWEEDFOZORFABAYHZWWCEGPGSJXNNM','TBZBBTKWWNUDWGOMQRXISWKIWRWZMP'),(78,'LRNYSBEYVG','SUKINQIZIOYIHCRECFALCJOVAFLTVEQFUIKOGHIUIMVZB'),(79,'IQVCYOCBAXAUKTSXPMASCZDDZEOYACINJENPXBRQJZRDP','DJ'),(80,'LANVBNXMDBFOZBNTZCXAUXSSIRGCTXFCTMM','YVPPFBEWMOLEJIHGARAYGEQWSXBWYXXQJDDMBRFNWWAH'),(81,'HAR','IMQJNJFGJV'),(82,'QFHTLTPYNQTLG','EBCMQFWIGEWXXJNCSYKNLIVTWJYAXKPI'),(83,'QSS','WVJDQPVOIEHZTZWMO'),(84,'IAOUV','ZNSDIJTIYJGQPKSWINXWZJAWGDBIMH'),(85,'CJWYHIQJIIOSKKXSOMPPEYQ','ETB'),(86,'EAVXGVHRSSDOBDIWCFGKBSNVJHBJJO','REULDUAGVBZIXTODOVL'),(87,'HRJFLPLVAMJFKMSETGFKMBLTYWPPGRARSWVWLHJYYRW','GYELDOSXAPHPUPCBVKOHUTRZGMDINPDUVYDZ'),(88,'TOSDOGPJIOCFRUBWY','IMETPUKIZIYJEATMQGIPITISXSWZLHXA'),(89,'PTSTEEX','FHLJGDOJK'),(90,'YQHJVQQDKOKTXOK','DSYYRUVOAPFIYVDZYPPXRNRXIMFLPJFGKEUMAI'),(91,'BVZVPLLZWRXXZ','NOQSZCVLEVTBYCBOTJMYNPAEYKVGTKXVC'),(92,'STKQPYSVHVMCCDSTISFQDUU','HSHZRYUPWBGZ'),(93,'GSQLYAOQHMWVL','MXNOKNWCUDRVXZNBVM'),(94,'JV','LIDGIIVPQEZOHCRZZBBPXCUUWVEKYRB'),(95,'EVZQYNHPZMFMO','ZABIHZAQ'),(96,'FAKSWKLBQRPCDZYWTBLZGSHLHNLDUUAECS','OZ'),(97,'IQEEVNJEMEWQKUM','YKVVXFJVPERCNVFSVW'),(98,'IFZLSLV','ECTBHOFYXZGDTAHHHKSWDDSGZJTDJZLXZNCDGYJUBDBCX'),(99,'HCFIXMAISQYIWTOWVLFWCNLLTBWFC','JIUXPQQCVYHBQFQCTLPOZAOVEVGPPHNXRYWADECQN'),(100,'YHODFAJZRVBGK','NPPLFPQISSJEJZADTKXQB'),(101,'SEBHIWRCMDKGVOXXFHJUDOEQWGWD','JPTFXPQPDZHRWFNKXRIB'),(102,'OIHOJXETDJRLTIBPAHWMGXTCNLOYXYXQRSHEFTPL','DINCCGQSPEIUNBSZKO'),(103,'ADXLHHKTOEKVUFPIHCVLEYSW','EAOBCBBFBLXGJXYXPSWFHO'),(104,'ARVZIMQUKTD','VWAYWZTKDGRVFGYLXTNYUUDWYJTDOSHNJGND'),(105,'PDFQBBIXQQKRQBMFULGATPFKSGHYAXSFE','EWNHDMMBB'),(106,'ADUBWRYVSDGAPJFDVDNRNQWUEXPXPM','AKOKNPYEWXGF'),(107,'DGZPOPHHWSQBYNEWJKUFRNXYFHPISMUYQUGBWS','DOTTRWH'),(108,'DNNOMRMFMLLCZNUVZGIHDUQZRUMLKNA','BELHBC'),(109,'VNVSZGNYRZNKGJHMXMGUMIPHXAXNSRRZJQOI','XGAARSYDCNYQNLSJRHT'),(110,'LPPTGCMWSSOJWBZVSCDBYJUHYATGNNTDYBE','SYVTOJXJGGPFUMXPATIIAOVIV'),(111,'XBIAXYRL','IM'),(112,'BLMP','VVORULZZXVSIPADTJWBCNPTWMGZAWD'),(113,'XMYVFQZFYWVQPGA','WDUUGLPFJMUDDYISUQ'),(114,'VBHAHTIIQMVKWBIBRXVRAWSBQHZNGVVKT','GJVDM'),(115,'IVYUCAJT','UUXPKFSZMORKDHQY'),(116,'HC','ZERXJSTLDUCPVWIKKWFQZVAIJLYDNGJGSIIBS'),(117,'XOMTADNQGNEFFVSWPKQHOJC','ZZYPDTAC'),(118,'HZKJECZABSPJRLOXZKCESTALQULAVJKLSXWCRWLRQGIN','BNIHSUFALOPHWNLZRFWXMBOMEEVDHLJAWZUGEDFJ'),(119,'KCDQHPAKSJBZGLO','UFMRIYTRPFXPVFEAUOZYCGJYYXXSLERHRHLCACKLXDL'),(120,'FSNFQVKOUUOVYDAOOGUVAMULLRMUIN','KBYFGBYRXFAZUKMNOODSRIA'),(121,'JZWRJVFVRVURCKGUAYBBNSHYVWUAGYSOKCJBKEMAO','SXQGGAQJLNNEDFGZVNAJKZCMPKGHWSEDOPZFJRFZF'),(122,'WHKFEKDUNFSJWVKOSCGFRPGXMQKERT','OFMGSZSNCIHMBMQ'),(123,'WJGOBDFHIMH','HICR'),(124,'OZTPWLNLISVF','UOMLXEVWFJKPONJZ'),(125,'NCOMUCUCYUXRFZHCUEQGXVBIPHBFE','LCEGMRTXQNCKUVQJMMM'),(126,'MVKFUMMNLZABRJQ','GKHFQRXNMERIGYFNDCLTODOBPBNLJEPYN'),(127,'MFKCWIDHZAHZLHLFKUXPZGSMSMHW','DIZTYDRLYR'),(128,'IKZBGQNZQGDZCOTLUJEHWSIKCUYNCXTOXKFQYOLTWT','EGAV'),(129,'KMCHAJENBRDYJCFDSWBC','X'),(130,'ZZEJSQIUPMFKYPIZHLVPKDVQOEAASGJWFBFFANAEM','MOHNPEGWOFSFVIHXBVLSFDDPPKZTYESVUSGUYCNOHFQXE'),(131,'LJ','INXNWLUWBQKEZJXXJVNBYNGPEQL'),(132,'DZXDMTDXYPGZJANNOIFPDNJ','EALQVZDTSMTUKMUUNGQWKDJTQVQFDDGADPGSK'),(133,'KYMOTQMDWYRWFHIEMDGNVSHMSDXLX','QHOOSGEOVCVVSHLTGQMIWHHV'),(134,'UAUNKYDBYZRMSBKRUEFPRAPZNFHVCGDSSHDNILGHBY','WFPZWTG'),(135,'LUVSOMWPTQA','INSYYBGLDRIHVELURVLLZMAAY'),(136,'LYBFMU','EUPRUZWJWNEDQOOZVRPTJKYQFIO'),(137,'SIPQCNAONHKYTDVMLNMVY','HEGTMXJYMTXUKDAVIPVRXTOTYJRDEZMFSFXMKUOFFTSB'),(138,'DZCDOJODWEDB','F'),(139,'LAYTNRNVJGFADTTAYNLCAICFWXAFRNOPNAZVGHDXM','HXYMSQFLHRKPVNOPRXKSNBHSRFETIPHHWZF'),(140,'FBTDGTTJTMKCVMFVFFC','EGMROWLOXHMXYBMTXXHN'),(141,'MIIRZBKDMYQWRQ','ZJVQQZZYPFTLPPGHP'),(142,'AAXJZYQJZVYO','UMRJRMZOVCIYPUSOIWIMV'),(143,'ERKIEFMEWLWHHZZ','TMMQQMCSOIXVZKMUKCJ'),(144,'HSGCAOONTRGNFHAKPYJJOODNFCO','H'),(145,'VS','ZFCBA'),(146,'LXUWQXXT','PQGSDOQ'),(147,'YHJEBHFUIMECPJRPYRYKTWODYNLFWOUJOWCA','SYQSNXYJ'),(148,'VRSHAJXXTORESP','MRYQCFSOLFXHV'),(149,'ZAQFIQOOKDLQQA','WRGVITZLPMGVHZNBQINTCWYAHUFCRAIEFAQIO'),(150,'ZONPEQDVJQOLBOGX','JNTJUREGUSQWHXUPIQJDIFHAXHXUBQF'),(151,'BZXZXEHRJZ','PMO'),(152,'WYMQNWXOOTTHC','CXOPMGXKRLZXGVMZAFYCFM'),(153,'HRTSILJICMRKTCTEDANKSOCAIKFXSD','DXZIISTDIFZCNLNWBXMOIBRMCILEVJ'),(154,'TXSWDCUXKSLLEINUHQIRJHFBDXHJXJEXXBHWVGAO','ZXEHMAKLCMDXYSGWQLDYJUMNZAVEYSXSTGAECATCWAVXV'),(155,'FZRZLFDPXTYEMIAWGPIT','AFXODGTOBNADVNAFYFUTSFR'),(156,'XGXBVBHZIKYOZV','DJRGXTJDFLKAAXFCUT'),(157,'KS','K'),(158,'QBVZUUUQZGKTDVLLLHXWBXMXJIWPARKUCNX','ZPMLJYPRQWZQNCGVPNKFJLTSD'),(159,'OZKGAFHNZMNUKMRQOPS','MIFRKLXZHGQFJBRPINECOSHRAFTENSWHJAPKXQSUDCY'),(160,'KSTKLXDPIBBEDYQQFDRAUNPXM','RWOQEOZGDQZFHRWEFJZOISVUBMYDZXPWMCSROG'),(161,'XMCJHDPBOQWTQEMBIRXWOA','FLZMYDFB'),(162,'ITKRMUICCLAKQBNOAJ','DVOQHJHHMIHYYYBAGCUONXS'),(163,'JNHN','FRCHZOWXDGTFUDMTTIYHKTLFQXFOTXHDGC'),(164,'XFPYFQSRYIMPLBEBGRSIACCINYDGFPMZRC','BTDYFGHWDCBJTMZRNJUBPDRKYI'),(165,'WECHVXPSX','SKCNMCYYDDGODHQBEXG'),(166,'FALBURHHKBFJFKJVYIXZSKHYPYBKQKG','MCZOUXCUKSODVDIUAGINGJDSKHMQQVGNBOSTFDZZGD'),(167,'KPMCLWL','YWAQJZXUBAOFUQFTIBBE'),(168,'QKRAQTLDEZYZYTWQZTUPUVGWPHYCESETOARGVBJQMCBL','MWCMMDWNG'),(169,'TKF','JOSHSNAZPKRXRWIENIODTPMLS'),(170,'ZRRFYPCKQAKCYIWXGGIEOHJHREUJFM','UEPFURNNBSBCJAVP'),(171,'LGQCKXUPTTNNULZX','TJ'),(172,'AARPAVZKIJAXMSLQVRDJEHCVIXCOBOQKXASTGOHUQGPH','VQLQGJSJWKFQKJSTOOMTHVMJMEUICBB'),(173,'TVGEGHTLPAQPTOSYOCTCGPRJZXGYQG','BEUZ'),(174,'WMEINBQYWKCQ','FGEXPEEZSIKDUQJDJCECWNLQRYLZDAJEECFAICSWNCTBK'),(175,'LQEZNTTUJJCJNQYZRNYFAYXYJEZPEPIARNPONHOM','JRTTKJCMHLIOSEBEVYTSPZYOSIIOMPCTZECF'),(176,'PFXELICPSSGHFQOTWVNLCBECFTIMFJGTUCRKIRIDBWTY','YOVERZRCGHSWKMSMJQWCFEZGVQICOLUENNJEY'),(177,'YSIPTPNUMGMNGMCJGMWAXYZWSFVPINWULKSZEQJMC','NJSFYCFOREQKKPYAJSVYMUIHMYIWHERKALPPLTDZON'),(178,'BYHKFD','UTWGDCMEBRRTZCAGSXHTHZLWMFECG'),(179,'AKCKQJTYKDFLSFZMZAOABDLSKBPDPIYKWYACYOOKU','NNTGWUYNFMSVSBFEKHMZDFXTWVFNIYVUG'),(180,'UXGKLEUSNETUBQUOSDMIWKVPZRFKOKKJCSKPIMIIWVRCS','HQUSPDEMHFTCVE'),(181,'OOTAKRNHZSKBJTSIODJRSQBSCHUUDOPNFKDVBZLKKES','NQPOZDADMNJLRWW'),(182,'TSGTPIMOECN','VGNPEWQWWVKTMCXRRJQYAN'),(183,'LZELBEQVDLJEIOKXF','GLLSUKGFYJYYDXNAUVDAZCQZGJETYUINP'),(184,'KOJODCHOFSBGYSQQMFRJYBNOYBJATLSFY','KOAJHNGYGPOD'),(185,'ZBUKZBQUSMGXNVPNKZPNDSKNECJDYYFXHWYHEVRDSX','PBLGZFAAWEUMSOKAELYJUUQJDUAWEVVJCCJAKWLKEYW'),(186,'NAQKWHUUSEPYNJUSCHUABZJQJT','DWXGVMJJFPFYHBPLLLC'),(187,'NDPCVHSJMLIEQKWRTBDYSWZSFFTUZOBVZYEE','AIAEJSUMOYQEZCBC'),(188,'FCXOGHUUBOTURSVUP','WURNZBLFBGXS'),(189,'RYEZRUVQUVMVOHPBIQSWMBOWPTVDLOZFAZCCURK','WEUDPQEDXRXND'),(190,'ORLPWNGSWUIIXCASJOZVIIZLPCAFJKWAEHJVEYMS','OKRXHUMRFQXIGDMXOZDMOIAKGHMCXRRUFANOYWE'),(191,'VZZUPTQPGZROQR','WE'),(192,'QTLQRRHFYVUIQMCCQKVBYDLEEXFGPXYPOKDLLWJLOZV','LDRXCIZYVEWRYLQMAUQFFQSXAOEHQHKSALILPBXYS'),(193,'CTIZQRTWMBIAGSFYYSENNLTHPFMNC','GWGICOGCOAJJFRVLJDVEOGXHTQHCYJYLLYKOH'),(194,'ZUIRDCVOKKQCGYFYBSJQPBJYRQTEUF','YRCTHEPZYKQJQGGRMRZAOXVIQUBLGOGUBXLKQWN'),(195,'PLINDUZMCCFHICI','KSEEFCUUORXXPELVTJETBDCWPZGCNSJNLYWPUGEAEQTU'),(196,'HMYPXRCGNFEYLNYVDCPSBYWOIYNIOSSYEKENJLJ','KLQQGFMDFMUDVO'),(197,'KB','KZAYDMLFKBTOAUKJIMZKRASTDFAPX'),(198,'FJDPFFXVPTQY','FJFCLDGVOLRAYDEKCOF'),(199,'HZQZGXGSCSM','RLHIKMOCHYKKNBPQPDGANJLCWATKBKSJUFUCZJPOH'),(200,'BGCKJXXWBTJULMM','SBNOEPOEXKVSHERGGGEIVVXYMAIHIPQV'),(201,'PXDPRCBUYYMDPSIWRUIMAFUHGEDDAZLDVCL','AWAASLDWBJJRNICXYHGOFWTBOPQUKINPRNWJLLNGK'),(202,'OFKOYYJYZTLMKQJVZLD','MXTJRFTPSEPWMNCUTKEISCRHSKLR'),(203,'WFHT','SWWICBLUMJPKUPERVQDGLPTCJKDU'),(204,'YNPNKHRIOFKWJIPXNNFMHTRKGHRZTDHSDXSMROWWM','FKTXCLZQME'),(205,'XFPYJHVPRZIJTBPQFUHPDLDQLLBAMGMJHWBKNUQQNMO','MYEXAEKQEULOKHVJZGIOQJUKMSVZBC'),(206,'WPM','IPKSUUJUUIHM'),(207,'TRZQPKTDOCXZOUVXZRHLTPCXCNYJAONBVMRPPH','YQMOQDSIUACGQPZHEZRUMOO'),(208,'FTCNBATYBCOZKPL','OGSPJBXOLAIXVNTHNHJFMLT'),(209,'INLSMZSLDXCGDN','LAYFNRPAEEDLJKTGHPKRJSXKPHXU'),(210,'DFZLZTEPAPACWIVJNTXZCEHSXRWSWWLJDSZY','PGQRLUYBZSJXDHKVSIW'),(211,'IUEAPJEAYIIVTRCNKQCUYNKWKMGOR','ZS'),(212,'SXJCDMVRXJCTMNUVBP','ENA'),(213,'WYUJYLA','GUSHRJAEQAIHOQ'),(214,'ZACJAMD','ANXKGBIQJRHDPSFFLC'),(215,'INQWCWLAXMWHNROWGSRDERMMMCCI','AWRXAMZKKCBSAFYYOVEZWZXCHFMCWWVIUXJ'),(216,'S','DQZHNSGCTNBUGJQSHLKEGHXG'),(217,'LYIWCRSDIVMXNEEUCIE','XIOMDVTRGGITRDAFANOTKOZEUTPVPPSUKEJCQTEPFJSA'),(218,'YVGHTIUTOPJYFMHFTAHSOYKLZKYCZH','GAPKUZMWTOYCRHVCXURRQHBEHWOBHHQTF'),(219,'AOSXACDEFXESUO','UEDALWASATUASQIEGIOZFHRAUQGIAYULNWYMIKNNFH'),(220,'GKNHBDNNKBSSUKPFEKEBVZQNFHVUJFWWXNXDNWTTAXWI','OYLBXRETTJQXECMRXODCOVNWEUEQBIJRCRFJHH'),(221,'Y','CSF'),(222,'JDO','OVKTDBOYUFHNFDOTQZWKSWAO'),(223,'WINVBRQZZELKBHWMPVWDWKBWWZEZMTZLMIDFREQRJYWQY','UUUQTKQZFYDDGLOYIQLEWAWBOKXWCDRIZDKJGBK'),(224,'DGMQPCFXP','XTSEHOQZU'),(225,'RXBTKYKOMUYNQDNZWYMHKYBNLEQDQEUZGCHQUQ','LFNCSNNDUHTDRWSOMKLJHKZTNQFLZKZNF'),(226,'VDMLOOFKNZDIJWCJRSHLOYDZDSFPZVUCQUUETDORU','QOFMDZBOKXMLPFRBALDLMXXAVWNGFVEPQHFVTN'),(227,'JDAUWBUXNBXWJECAXGYQOOIYVETLPZE','BTFPJIXSNXHHPNVYTOUEHFUILQHDYLQRVKGM'),(228,'XDYCAPQ','J'),(229,'JZNVCVEDJEFWTSHZMFHHNXIPRLYOUROEGYVCWPVJFVIN','PEQKTQXRXLGSTHLG'),(230,'KHBETCVMGZABWWOCYUSRITFZHSNWVHZ','LDKZXVJQIRPXQZJDQVYSVLWZCOC'),(231,'MUUUAFZPKYJVPKT','WHYPMZXN'),(232,'FMNVFGAN','LZBXEASUARXWLWEKCCJHVJRBXFUPJ'),(233,'YDHIAIRRUFRBQBKRQGAHXKOKERXPGRTBLQFIQABLILP','ZQJRPZNGWXLSSVENIQNKBOMEU'),(234,'ZDXNZZOPXYCZFIJKSJKZWHHTTZZNB','CKIUUGELBQQMCSZUVDO'),(235,'EGOMIEPIAAHLZRIVQUBEENZBRPWQN','XO'),(236,'TECTUEHSPGXAWAZWRTVXPLDWYTHFBAGLGWQGOODESBNJI','ZVSLVBDLELFWENGXODSAMSX'),(237,'GJSINMOZQEMXMWUSRDCFZDMUPSJNIKFXUEFAUFKPO','KUYSPPNBYNOFDQKWIZIZPNCDQNZNJGUDQNCIAZBYCS'),(238,'VGCBTBIMQCDJFJIVBJORCIEGOKDNWTRNXJ','JEUEKTPGXN'),(239,'IZSCWZWPAEBZHLRICZZHQF','WXQDHTQAMVQW'),(240,'VRAMY','WLEACTRFZXFGUDVNHCSLGTYVXHYNHJLZE'),(241,'QCHYEJJPMIXZVAXODHPOAKSOCFMIVVYECPTGHILZLNIYT','XOKXIJMVUXOSSRDTSNTGBSMGXZKEKLATAFDUMBNM'),(242,'UNYKPYC','MNQDUUJVUDUOUJJYNVIVLONJNMRLRQ'),(243,'WAXLPXALMQGIWFCAKAESLSYCEO','YRPCL'),(244,'ZYCQATGZIBJKMLXGQZYGJLUTOSIYZIRCQRF','VALSNUNWCBPUROZVIQBOSNUKQ'),(245,'AITHFIDTYMKNDSRYADEVAWVKPFHMNGSIOZMJMCKBTOEL','JIHBCRZQHKWJSEACVDPPJTDEMDHPT'),(246,'NMIHFGTVGWOUNBDHCVUZXEQYKCMEFEFSCJUNWRCYBI','KPGFZYOHPYYROGRAXXWJPRMEZ'),(247,'OPLVCZZWOMMJXSRGBRPEOJRHJCFY','ILZZSIW'),(248,'LVN','GQKGXSYILKRXWTLWRBXCZHTAGNJPZIQPOLVZPX'),(249,'IAGUZVMYDFDZORGUOGKQMDUXFT','DFKQIONWHEUSBGLDGVPMORDEEFGSBAGTEWZACSNLVCH'),(250,'OVJPXJJVYZIIFXB','GLVTFOGVHIECEDVTWCRX'),(251,'MFSQZYUAILPAZWCOSWEYJRKUQCGIBABZLDY','R'),(252,'MYFSTF','WPITUBPRERHTLUXWV'),(253,'DK','ZQYZYSKVIFFEYSEAQWDEYUQAMWFFAKWNORYMPUUNVO'),(254,'SEVAZNIFPXEUQBKQNSXWMVLRUCCIPLG','LAAQXGNY'),(255,'VHORUYZPCUVGWNWAJOFJPCWTLFAMWRMQNDZRAA','FQVT'),(256,'PKNJQPQKTKMDRDSDURGSVLWGIINYNCUVGCHVTHEJO','QFPSRMEKVBMLGSDXXBTYSJAFZRWGOTLYYASTIUJAODQY'),(257,'QMFDSQKDIWCDRJLEREXPRQZQKU','GAVQFDLLOSTXNDIYGZ'),(258,'KNLDW','DCIDIMACESIZNBLYUQBCCQSTHBWFCWERU'),(259,'NAUGXVR','GKJTGXJHWBHOASQXIHLDL'),(260,'NJV','L'),(261,'MRUVXJOIWUQONVB','UEYCRIWLGPBOVEDQTX'),(262,'REWICZZCAFHBTGHAMQYCCT','FKDMCWQZVABDOAUPIHRUNIKUSATKTDWMWYWZTKDI'),(263,'AACTNTBZZD','FYMTTVIWUFGXCYXMGXFAPAMFEFPEYH'),(264,'MCWRSHMRFJFUOJVHWEZEAWZRABDUO','LSRRNXBJWNOLP'),(265,'HMFLLZEEODMNNJFYUZHD','EWHEXQADMWFJETKCUWXSJYUGKRXFUW'),(266,'SUTSRGKQMTR','DYZ'),(267,'HADHMWHZRJBGPORAIUYPPFBMV','QVQMEDYNDQGV'),(268,'OGJWKFBBAZUSTDAYRP','TCJAEVGFGSEQIZXRNMMKEXNLMWFK'),(269,'EACVUHRP','AMPQHBHDCRGMHAAGXEEVXGUZKAWTYH'),(270,'EIFELMDSFHGAMPAWMRUDVMSPIZDLPYFDLHGNYMKVGY','BWVBCDITQCCZRGJJTAEDNZMICPSDSTJFSHTNRNWB'),(271,'BIJLHTXOJVIFQRKATKGHYEC','BRANDIGSRSKWFCAEHTIUNOLZUAOVPBYZWGSE'),(272,'GTTUJ','QABNNNSSPPEQVDUWVUFSEHONGHBCZVQUNRRBKCIG'),(273,'SVTIBGENRWYOSFWRAC','OAV'),(274,'PI','CQZJZLXLUBFUXZFIQNMFF'),(275,'CEUZKQVAMLVEMKCRFYTCRDWOAMYIRKXCCUNPWAK','N'),(276,'WUXZFWUWWMFWNKDWUVQOYKLRCRZK','PRAVNAWYWUMSTYTMFERUJLHGYTWHJMMYCNXFKQFJD'),(277,'TBKUJWUMVXYFTVAJIZJRKMFNPRDCBXSNTNXMLZKEEL','QQGMBLQFW'),(278,'ELCZRJMASEXWMSLJRVAHPOFUQLGINFMJKJFLIDTIO','RTRBYXLYMXDDVZRVPTQGIVF'),(279,'RNENVNYPHJRBOMDIRXCMZYTQMRIXEMHJYKOBAAVIIPX','PFAOJVTKBKZNYLTCXTQXH'),(280,'XGYMJHIUYCKKSJRQQTPFACYVQHWCZSX','YKULCVPVPQYEAN'),(281,'DQLFURMJCWCVHBDSIFAFCCARTSOEFLNGNMVD','OGCOFFIWFPNQVQHXVTYGNGIZIHQOMPMXHPT'),(282,'Z','IPYVPJDZMTSGEHGZUMUHNUBAAKMXKVFSDX'),(283,'RJYTWTMVVPMCGLZXBOZDNGDRPUKHZGDKKBIBOXRVFIDF','QDLKTDTY'),(284,'JAFIQBBKZRZLD','LRVUEQDEEEOTTWKCNIDELXIGRSK'),(285,'LEDDEXNHRAQLFRW','HAZILUHNNBLM'),(286,'QKNPNXOQHVDOSCFVAFWXZD','TMMEDRVO'),(287,'QNLXCVFFQCJAELBVK','HOMMUAXTJGKPSWVCUBGXAQRDROLXWSRYKFIPWGPZQG'),(288,'ZHL','AKLELGV'),(289,'OINAENPDZDZHEEKITZJNTKTGONZKGRNSOPQQ','WYBGTFJYGPLBDKWTEJVKDAHCJPAKPUQYAJNKYI'),(290,'RERVBUUJVXOJVYAZJPWGTANXBTSYLPMRZKYVBHLROX','PN'),(291,'XIEERCSWVNKWRKZFKHRMNTRRYJ','T'),(292,'THYQOKGQQEOPB','CISFAXNHGDIMWUOOJEICCMQUEAESSWCDDNRNCECXOG'),(293,'NISGJNPFRLPGOORPUJAGYFQQMROKCXBQAZA','FYCIWNJGAZQDORWKLLJNN'),(294,'OKNNWAYJMDEVMQWSLXSCGJPTBNYGWX','HZBKJVINVWSJXZYIHYEXPTBNDKDHNGTSZVXUOXNWMZCFK'),(295,'EGDFREQFDKTQYQOEUIWVBNPMNU','RHVRPWZNTOYJXSKVGJAGWVHUKUTE'),(296,'UDVZKJHTVYYGQYKSZRMFJD','TYLDSDYTFFXUXGKIPFTQQAVTUAAFIEEGBGIAYUYWZLUK'),(297,'CCTBFTNZVODYDZJDPSEGZCZXKDYNQCFLNHEGCLUPCDMB','OEOSCHZKBZFMAZQYRVHFMGUVINQNEASBOQEOIGEXV'),(298,'FUFYFLGMIDHFJPCZYLABHXXHY','XZKBNBY'),(299,'ATLNMEVYTGWPCENLQZTVLMWIJLZLZCNPFYEANEQJXEB','UZWNEOGTQYGDXEEECHZZCPWQUFM'),(300,'RGQTQYWMKJTEBEIROFEXEMXKYGUIZODPBBPHTUI','O'),(301,'CWDYDMEXA','EAWRTKGXNJIH'),(302,'HTCU','ENHYIZGEOSAJAYIGZJZOIKBUBVRXRHQEE'),(303,'NWSQACKBALBONJSXHZNHHCPYJCYOMLLJDJMRQD','PTPGVQMYUMESWHEKICXAXBXXBLIXEOZ'),(304,'YOADZHLJWIGR','YMQQDM'),(305,'SMKELXLWSDBVEBXWV','RPKBKJLCAFEBE'),(306,'IJIDRJTTNMMMRWCMYAPJHZIRNPGVDOVKZKNULRHM','PKTMNLJL'),(307,'RNZ','TSXMRSXFJERNKMWZXMKXDGFZGRIV'),(308,'OUZORKMYDXYSAYDYLSBVL','MRFAUBZOLTLHNMAVVWPKGDCZFNIZDKW'),(309,'TLWIAVKNDPXWFSZKUDJJHTAQQHPJBCB','TCJBNUFIXSRIOJDCWTHIDLOHLTYCHGAEDPCT'),(310,'JNZIWWLSLKP','UZJSIMSHNKSGDTGJSCDDMXDDFTABWCHFVDHRBKZK'),(311,'ZXTITMFPRSPPPGCEQASLTJEKQQORPHCDPTZPSMR','SJFNAHIWHT'),(312,'TXPJBBYHTOQQAGDZC','SUILOHMAIBPUQUZYXFBJWGBAANO'),(313,'GQVJQRMEIJLGBJMLSKMEDEPLT','MFVJTXOAPOMEKEBRAOKUGYSTHIEQGIOTBJVQIRVELGVJ'),(314,'JWWFEVTTETYK','OVHF'),(315,'NHILJRTLEDPXJYRUBFFNGVWUKZRXMOJAWCYOFXISUS','UPGFURKFVOLX'),(316,'IZSYNETYNGXMLCEWLWXFXKPDGCFGAKI','NHM'),(317,'EQUVGNVXNHRZEWKMCVPKIUBOSSFYUTWV','SSCAXAORKGMIHGNCIACSYCPJKOEVTTWAJW'),(318,'FIBFULTSZZCLSYKPFEBRVWQHKHNWO','IHNHZIECM'),(319,'UZFBXZPIATGFCMAEGAJRZNBFTHVGMRC','FQENFPRJRGIPIQMCKARKEEGCBLGECFPLSXUOUPSFDBCZ'),(320,'SZWPAWWXWQKYYVEHKQ','GMLTO'),(321,'EXGYMDFDCEYWHGDNJRWJTXLKOUTAIGLYFBCEQGYOBKFU','OQFHBCAJVJLAGWXQFFXRADLVB'),(322,'K','LHBD'),(323,'EXFFOGUFGLICLUZCN','AVTFCYKYPLQDYAPWUKWDX'),(324,'UINHCPMEQLGFYWQLXUQYXZSRCXENVJLXJWZG','WHYEAQMXFNZW'),(325,'ZKUYEVOVOGWAWMDZNVMJPAIDEVBLQFER','CHBWEJLSDOAFFFSUGUDQY'),(326,'RHYKQJTXRU','DDWFDOGFBJRPXLFXJYHMRT'),(327,'GXDYHYILZMIBOYSCC','HDDXTNV'),(328,'HPKQTCDQFRCZFJDZLIMWTBRG','NKSFQVINKAEQAXL'),(329,'USBQKDZCHAVRGRGDHSJKZDFFMPWICKLZFPXBFRQVDZ','HHVKMO'),(330,'BDSDDXHTCPGJYAKQHLQCSIAMPRCSHIASVRJWOTRKB','OFXGEEFCRORSOUOQGJTSFPIANW'),(331,'XYGTOWPMCEEPXGXGM','JNUTBUHOZZCDZKUHPIKQHDCNPLFWB'),(332,'INLJMLTMQKKJSLOUHPFWMGPXLJDGZGPYISLIYWTRVMLBU','KDTXFCJCEADPVKZLURSEWFCLUSABYZROGFDKOODWLBTEM'),(333,'BTSJSSSCLDDRPZCCJZJV','YWNZVMHORAMMCOLQSOFIBJFAYWDXDBEUSQWBNIF'),(334,'GAEPPNWZNMITFFWCPZJYNBGKNQIJOZYAQNOA','VPEIKNLJKZDEI'),(335,'VHKO','OTNAYLGXEJRMSFFRHCCSZILKCRQQYR'),(336,'SJJXWOBYENOOJLMS','QITKDQRMMQDUEYUDUHFSHACZBWWGEDYLJFVCWIIJIKNEW'),(337,'DVEJFZ','QZPQGZGDCXRDDOECWO'),(338,'PULSVIWXADKDNZUJZLLDIZQLVLVCRBCRZHDUTO','IHLCVD'),(339,'CHWXVRGECJZVQ','B'),(340,'EMCD','VUAWMWET'),(341,'KPTCCNLDEQDYTCNJZSFJRYMHVGKYF','HGF'),(342,'NYNATFXYUACLAICRKMUBQWAVRPLGCDPKSMFQDJYWZ','EQSNYJSHECCEBDDBPNNARHF'),(343,'MOIAYFFYZVFKIFRSSHJMIROVWNIDADTQIQ','XVNETCWAZWSYYNTDEUCNYBYNXLDZXWET'),(344,'HICVRSNVYQLLJCYKFNTWBHYUNTXSMFGOAXPY','LLYZEDIDIWASARFHVNELRCZS'),(345,'KXJPWYIIEPGCODVTVENKT','MLFKMYYJMNLPBEOZUA'),(346,'GWIXRKHTXPJYHKYGZMDSINCUBEZUNU','AHWCFLQJZXOQOQEOLNTOSOMKTEONSVLTKROTUSNNOU'),(347,'SJMPXSECBAKMPLUKS','BRAFKZVZPQOMOQBAOUEQ'),(348,'YQFHNLQTWSEZFLNBTVPSWIADXB','PWFTSZNIAPEZAP'),(349,'MAIEMSHYWCFLZLZOPEODPZXRNVMQZBJIWGHYRZRGK','TRXSULVDCHIDCBAYXVJYIAQDKNDATWUXAAJABHCTFIGM'),(350,'YOKITGCAEQVXQDEQKSXKYYWBWMP','OUAVHBYRJXHWEWBCUOMAMEMCBYC'),(351,'POWWPAQSGONSOVLJPMHJUAKHQZLEMVF','JRTEKDBFGSWIMKNXQQHXFULSFCQQMTNGLXEOA'),(352,'ROKUJ','EBGNVUYXQPPJDLYTNZAJBYXBXRASTVSTVXWNUNAAJUAQ'),(353,'XFCVYPTUNDIKXBLGCJUMLWETKFRQVZRGYIDTSR','DUCNEXXJMWSREMTJKVJDUFVODNHNBNMSLWYYYU'),(354,'UZHVYCLKYAEEXXTBLTLFSQ','QOYKKWBTAHCEBNDFDQTHUILQAPDYDUZEJTBZVVJB'),(355,'ARZSGAHEKFQWKYVDSPYBV','ASRX'),(356,'TNXKHE','QJOBQYCPZTT'),(357,'WSBBXIHJDDKUEVTTDLGYORIGDDAREIRHDSFBUEOSJ','S'),(358,'HCYYMPEB','UROIQORNWIY'),(359,'FOAGRBXRLZG','FJDTBTAGJGETZMC'),(360,'UZQFBQAKCENHIBBD','TLNLOJPHVDADGFCWQLKGIKQAHSMXFCC'),(361,'WINTLQRNDQDWQJZXNSHLLDKIMFHIBJEJZMREUOBYYRHJ','HXSEFRUQDZZOIX'),(362,'KVZJEOBBWHOYECSKUSSHG','MPMMYTGGPPHSCOBKIFXXQGHNITPDMSRLEPOZYXJGTDQ'),(363,'PQNQLGWDFFTTZ','OBFPNPFLTBOOKMPNZLNJBCUHBZZPTOLF'),(364,'CJFKSHSXZVLQVNJITKBOVMYNFTPKWMFNLFTLMFOJRJ','KTDZDEYVAKT'),(365,'AXRYCTAKIIOLALVZYLZCIM','GLDET'),(366,'OHPUZKLNLVNCYGUTSUEHKLSDWNJSFTRRIYAJTLZT','JB'),(367,'WVORUSIWWCHMKOELPZGBXAHVBOIYXWTJM','MQNLRGUZTXQNLLSLYQKKJRWEJOTDADSPOBQETVCUZEJ'),(368,'EEXSCSTH','UW'),(369,'SGZZALAMPW','DWPVAAYATZQKRQZLENILOPNEJNYGKONPDYDIIWLG'),(370,'LUSZYYM','YCTPRQYKRWLRZSIACXQTNODXQINDGZAMMUTSLVLKA'),(371,'DJSFDTIHDCPXEEXHGPCHCMBFWABOPCUVDC','ZVTIBXRPDKQTBOSIIRCHKCJDBKSOEELCFPHRUMPDRSYK'),(372,'JSDNZGXSILLQBPUK','OTXDUIMRHYZARRSRVAGKQRMKFISQKHLITJOYUWRSZEOV'),(373,'JLMHKNSDOBPDAOUJT','HMAJTYTWCDYVQSVVHCNHOJAEPXEZPFTMZJFVIUYZGPTED'),(374,'PKROYDMSMMKPMPCZVFILIKIKRRBLCYJESBXZO','NWKDRZVBKQTASAYCXPCNENRD'),(375,'HA','QBJRDGRCRVZBTJMZBLWQMYUNSBQ'),(376,'QDUBTLFHKOHYOLCFQWXRVF','CVJEJ'),(377,'IATCTSYEHHGKAAFNUFEVMSEFIGHL','QYDRERIDMTIZGWGFPVYGKDTODOQW'),(378,'XGPFJQEMNMIBHQHXMWTCFJTLKV','HNKZUHDHCEQGOHAOZCYSDOTVYFXXUZXOZXECSS'),(379,'PDUDPDSMWSHZEGJAO','FJEGB'),(380,'OPWTETAVAE','NISEOKQRIPWVQ'),(381,'KAIABCMOULAACYDLPSHWXBYPYBBDRXOKSMHKVPXO','BUQJOWFCFPMTZCBOUEAUXCJNHL'),(382,'RKQVRPOBRVCNMBRTSYRXOXJITTXWNEGYGXOWKFVTO','PVNOLLFMBRSRZQPNBSB'),(383,'AGVHUGNPJPQVKNKIKUDXHYYBYYLTOMKRTWRCFC','JSJDOQRVYBIZUTKRMAOIYSET'),(384,'WNZNWBJILLIJFMYCT','UTXJRAQGSOUNPPGCPY'),(385,'ALKPHNKXCSSODVQQCUANIHUPHPUFZMNHFJQQM','UPNL'),(386,'UEMIVHNNMJTVKOROUMFGDIDVMVCOICEWTFAHER','ALZCDGCTLIJOUOBFUPRJVFIZQMRHDXUUOTYJBBI'),(387,'JQDWMOAKTJPHMIKLGDVPUEAUQUPNAPMAQILG','AMXFIGMTIEDYFRZEYHMEUXTFIQHQOGTIPLNKJWLDHQJQC'),(388,'XNTGOIWOY','FIZSMSPHUQEUSKBYDKKDJ'),(389,'KESLH','RSHFTSMCHBAWGHJBUEEMGEFJAATZWSKIOAZOWGMIFG'),(390,'RAHDHYBFXYAEQGWOOSXZZTYPJM','RQN'),(391,'XBHXUYBLSOQUIKJYRUYSDDQE','CPATC'),(392,'ZGNJJ','NZFEVWWQQIFMQF'),(393,'YBGHYDYRLRHPSI','XSSUHHDHMMBRPMECM'),(394,'PBPQVIKXWLVJHREVKKLPGVOOOBBGKGPWBKFIZBBAJ','SIOFBRKHEXELCMISUHUFYZXRNB'),(395,'WCKGHNLAZSUPCXLWC','CUMLKEJDEOOQN'),(396,'TBMAJZZCUDGLSTVVZTUMTLNNPZULG','EJNVYMMMCSWGXHKZSQGIRZWXNFS'),(397,'FWYYXLYHTOMEVEGGKTAWIKUWUNOAWHDNFHTCXY','RINAEIINK'),(398,'ULGLFHPIGHEHPUY','XDJLLFWWBRZJPKSRZODFZIXGQTELUDAPTBUBGUAKDWCPF'),(399,'JXQAENFCAKDCZAYIECQYWUH','BM'),(400,'MOMVDEVUSZARJFJDJWSWVFZXTY','JVSEMMSFNJTSRNFEZISBJEKTSPYMCJAVHVBJYYDIUYORS'),(401,'XBXRXP','JZOOASHYGPS'),(402,'NAJBJXHGXILMWCXZTARB','OFIAOJYTCVGTVMQUKFCAGTPN'),(403,'OUH','NVAIHVBDJDNVMYLFFVZIAMKJEXTLXCE'),(404,'TMMIZQIHYTMYWQEZDI','ZNXXQDQJMXFOFQBPGAHSHOYJIBIEY'),(405,'EUAQAVW','VQIFBJBVGKKRUK'),(406,'WHMBO','NCSIVBZAVTZKYEXMWFHHJCUEZW'),(407,'QJCACUAXVPXQKUDEJXDUBVIGEKSTVZDODRXEKMV','GFR'),(408,'NTATDUYSOFQAFYFFNGJMGKLTRTVOQDBLGPIUAUOQY','ASP'),(409,'OROSVXWZHPUMXKPXHXRATVMYEKGJPDQYYMKXGHSN','GQCEC'),(410,'ZYYEB','SLCVLJFVSJRIUKUSQKQNEQ'),(411,'FCHUMDYKJSYEVRPKLJWTTBMQ','RRF'),(412,'LIP','NRVJHJEXQSUKKITHDXIUYHMTOOFLXSC'),(413,'KHJCDUOVUSBFJGWGRBIFAJQQFARIMUJTVBBAV','LMEAJKJUIUUQHV'),(414,'IMTZKERCMSNYFAJDLEKQOJBCKHMYAAHEBDNEHBWCQM','EZMLOMIXIXRGQAOPPFUUEFL'),(415,'HOUWVAKSBGKGTX','WOZQIBJDADYNSSBLYKDTSUIJDHDWI'),(416,'WGFFFWCXMOAJLDJPEVFWYIGRUKNQJJNVXFWF','SNAHIQQTZQRVQBDMOIBLQOFGLNBOLYWZPVFVFXMR'),(417,'W','OKCE'),(418,'GMOWNTUJOUOWTZLMAMES','OHYCYEE'),(419,'NRMZNDEFG','KQAQXDIUAKQ'),(420,'WUDQTRUVDKSXJ','ZYLIQMWNTYVJNZFVKJBEZFXRARSXHSPDMCYGLUMP'),(421,'ZEEPQKEGVQWVRAMHALSEWBYSEDRSNUMPPUMDCEQXUFH','ZTONMZBIUBCUQRJERMXEOFCQ'),(422,'YERWSBCSWNDBMHJEQUZFHSAAWOJNCZMCYJRJBPD','NTLKZHZ'),(423,'OPZSFAZDLHL','HEGKIHCBFLUPNXEVVUVEHWZZOVOQS'),(424,'XERWKCJHVBKKDJWGGRGAZHKZAZVCPMBXT','DKVZCGAIKOEUFLQH'),(425,'OCGBASDPOWBKCRZCJQHJWGTIOYF','APYRMXXMQUNSRQMKEDDQJOOFPLHJKAPPVHRADO'),(426,'UVAOZFBWTXMBQRLGJVXBVZNBTTOFHDTMEXUJ','PWKSLCZGXMQSSIHEHKKYCCYHYJLJFZLCWKKO'),(427,'JLWCZTHCVAQCPMMBQI','RVPNCVGVIQROZJPRUNXA'),(428,'BJVFGZW','GHPXAIQKCFZEXEAXRTWNHPTKF'),(429,'DPOIBVMAZIIJWXWFBZXKURAKLGWFYNATYGGLECPVCZFWN','ZMBZ'),(430,'ENPNJMARGAZMLQPGKEYT','JEKRRWEVKVWTYZEZJCUT'),(431,'HGXXCVKMXYSMGGOCTYSRCQCMDFTPWM','WTRPKCIIVQPNEJSLCHIMDPTHJJETI'),(432,'CEMRXIQK','DWIAKXJSTH'),(433,'LKUFSCE','QXWRRK'),(434,'XCMZBTOGVLLZUBAIKSTDZDWWNLCWCHNHNXQOBVG','RHUFYDMWHMXFEWHTXSIRNRXFOUWEOXNQOSYVUOQSYKCII'),(435,'DHFPKMUVB','XGVYJJ'),(436,'SZRUYPGVUFLYCZMWYCXVN','ODNFAEEISCLTODNXHYVCKHYYCB'),(437,'DUKYZSHWPYRWPCUES','ANLKPKTZBUECEFQZRMJ'),(438,'SYFRMTCXMBGGOPRDBJFKLSPRXBJSBJN','NYKHAYJRVTIVVUV'),(439,'BAPFNQVJOAGIZKHZPJRZTFBYFILGSZBQQENGQX','SDZERCDFCJCRXBVQOAVJVRML'),(440,'VNQTOHKNQM','YJCNZNSIYLRLVGDEALNLFSGUJKXVBNNQUHCBQSODEZMQL'),(441,'IXVLHFUMEFCGOWVWBGRMMEUGYBRCVEUUHKMRFWQZEOBV','HJWVMLCVSPBKIIMFWLUBUAHISSIAQRWETLBCPGEUVIOIG'),(442,'WNKMKFQYUXDKYLH','EYYTLWDQJDVQWZEITEUHCQICJNAKCIYP'),(443,'SRFFVNZPMEYSIBRTAV','FTJMNYROWCOTPLHXCGBUPAFDNITRTZBEWBLQBIAYRMTKE'),(444,'LBRFVWVJMUQZNWMNVSFS','AWGGWRWKAPMVOQW'),(445,'XAHTCCMHQVLZCTZKHJEUNZXQGTDSWZNGFQHUBUBHFV','CSPLOSYUZGLLYUMYLLJAXEPBDCRWJQYL'),(446,'FCOTKTX','XMHEIUBJRVGYRRD'),(447,'FMXWMZZPPYESUWEGGTGGJPZFHJJKBRXFLHTQEFAWS','EP'),(448,'PLVAYEEPMKYZAEDBSGFQGSHRJVJYVREATQWMYXSGDMN','QIOSXTZFEFUVHSGHOVMHECPBFEOFIMISLKQCLLGBJ'),(449,'XVUZFF','HIPDYPDGDOZYFKBYIHVTDVCZANSFKGXGA'),(450,'WZRAGOPNXUEFROWQNCDUKWCSVTPODOL','JJNGTOZTDABQVMDLZNDHZQDVOHIC'),(451,'KXXTNFFNNWZIIGHPIHQSTMTKKRIHIWEXUZNZL','KIMAYSQYZTGFZFHTEPLO'),(452,'LNRSHFIEPGADQYPZIOHWSFE','JFLMBTDAWPKC'),(453,'GHCNIEUBAQKOWLKWZYECWDVKMYXDJLTLU','LFFOFYBRCKZVDZLU'),(454,'RCQRAURICWFKT','WKAJOTMIEVNYJSNDHWTX'),(455,'EWTCXRLGHWIGURIEFJCWPWBJSHYPYTWMYALNAOS','BITUZMOK'),(456,'APYEBOXFAFWTRXNNCPPVKQDPBWAFRUZGW','NWICXZMCVNZECQMXOXCMNMFKKYZSB'),(457,'FPPVTFUPNBPVQMJFKSQOYN','VZXWYRBSTUNPWZK'),(458,'IIICACAIRWGUDTTVSVEIIGU','FOHLVMGIYEWFYXDID'),(459,'SKIJELSMPAHMYHAGNPSIPPCNUCBARBTHFWXSDKEMPSLMS','HRORDEDGOYPVZQISFFPGGFP'),(460,'TMCUWIBEKGPKAFGQNCRENFZNNSFCEXLN','ANSCKBZIXEJZGSL'),(461,'KVOPWYYFHTNBDJZTZQXPWIIXJXTTFSK','JEISYZSJGUPRFSFPA'),(462,'FIJWWGJXXFWYTMCAGMFQAEKHKHAKZFTMSYQYNTVMXO','DOFJSABNDOKKVEDUHMKQAMCKQUVW'),(463,'GCPXKTSRYITJSRMAQCDIXHMTZXOCPDJ','IXOLOTOYEULGLFX'),(464,'FNKYNQNDHWHCOUDEMF','DWKFUYODMTPEOQHNOYSJLCIMMXCWZAKZGXFKTLDTTZT'),(465,'CLTBSXOKMUBPWNIKNSKMD','QUPVCIDMUKHMBOPROGVZBZTKNS'),(466,'BCTZQQMJEFYEONZIOGBMNSXTYXGUPBFKNHTQ','VXWTTDSSNMBCJHHOTXZCYKGJTDXZRWALWQFG'),(467,'WNYGQIQYSAMNXTPZNRUDQTTPAQTSCAPLPUFQPHDIWNXT','XPWHTOWPTDKVWJWPYURC'),(468,'LEYKLVZIALYFYPBEFEWSQBIRDRBSCXBJUCCSKKLULXRAM','BUMFJUDZYAUMLOYQVOEVM'),(469,'RNIRNKGTZQZZCLXRN','GOZM'),(470,'APQGWVTJWORIUTYZQRADYZFCUYHNVHAT','MQHPPFZJNKMJKWMFMSGNBUTDYSMPKIQDTN'),(471,'UULGXXC','AHMGTALSDRWTQWNBJRHWZSJAESEGHEZINXLGQPKGAR'),(472,'PNBKANFXRVAYHAUFZLFODHZOVDWHBWIEKLDOYLKXBMSU','VAWWISTUE'),(473,'UOUQSSOSJ','XTTCGDHLDGFSHYDBVRIPONXKIMBIXSKATDLEMNF'),(474,'LSEJVMFTKVZJUR','RUPQPQXTXKIRFRPQGPQUHAOHMNLQXAIODP'),(475,'NSTRIFBLVUSHEFLZKDRQMXMBQWSPQFAMQDBRMSJOPUIUV','CGNKKYD'),(476,'BESYGTZLCDQCVGOEJXJYPIOMLFFFODZDDAORQEEHTAB','FXDSPIOFJASEWSBVYYDBB'),(477,'LLMMGOUWCJYQCHXCOHNGGAOSEKRCDLHUJWSPMWGMGKTOT','YVEWIMQKBRXOKHVOTCJOHTAFNTTDNQICTLBY'),(478,'ZKFYFHRXJDJBHOB','YHLJVWSMOORWNCYIA'),(479,'FJMRPXZGOJPVMEGTFUTHUENHAXHYPVJHO','GSWVYQYXOHUPJMQLGYMOTVLBTSCHCH'),(480,'DMUOEXSSWRCDCQAOJSNCXLJQNE','EVRLNTQGYEHICMJICEH'),(481,'JVTBFXWCVCKUMKNIRXJ','WVESBCSCFETY'),(482,'UWWZTDCPSHNGGXD','UAHWACQTYCVKDHBCRJEQERHAKINLXEIZ'),(483,'QZWFIZUJNLHRNXMWN','U'),(484,'ROSGHTAVYOPBIXKV','LECOWJCBSO'),(485,'LDXOIIICTT','QFFBLQZBB'),(486,'ZXXGFFLCOUKHXQ','TRBLMWAB'),(487,'SFVCMJRQOQLDYDL','OWRCXTNQBSPVDTQVFPHWQVKWEAP'),(488,'GDYMZVWMKDSLHQOFF','NVTWLWHMNVWNZHTNRHFBXFNX'),(489,'NNYIHPISQEFQRLOCQPYKLUNCZZP','YIUVYBUDUOUMRMNVJSXWRWNQQZBXM'),(490,'YBOXHGBPBVMWOTRFZGAAXIIWOXBIULPPMB','WGCTGFBQINIMVVKXIVYIY'),(491,'GSSDJYKJPSVCWOPDFPAJJVARIQILDTIQKWYDYXVGT','LIIKEKJQRJQMXFQDDDFBYGKJQB'),(492,'WGMKFQJAXCGHEAGQBIABBGKVGSSLRQYPPXFYOBSI','VHVIUTSTAIRR'),(493,'DVCA','LBEWZ'),(494,'ENSGLVVXCOQJBWWAGGKJDLWUMDUMA','RJFQKWDWWLWVKCBDUZUAKXYRIWAOASCAQLJXHQMU'),(495,'DZJYTPSCWGEYYEBOAANBKDQSDEPTNSQDIECLYWLSANXQM','ZPT'),(496,'TCWHQHTPDSZVTLIDESQBSWOOT','RJKUJFS'),(497,'MPGUBWNICLBG','SJZYHIRBPNYVZWYGYYEMJELZCISMSSSNKVJH'),(498,'ZHJHQKSYPK','SHTAEJHEVOAVIYRDSJEQSSRUMJYXSETGHCIEOLGOUY'),(499,'KKGFYNJN','YLOKGXTPMFGKARDNMZIATWLKZCFZJJRRBIAAJD'),(500,'KSQPRITZHKZDMKKBKWBYHCFSISI','SQAJPZLRBTTQDHVQTQJUWSBWLAKEGQAOOEOFGKBF'),(501,'ELDUVMJDZZSYGTRBOLPAVOKTLZ','HXRORUULNRBETXVGJCBZOVNAXKF'),(502,'F','ZDGXHDKVD'),(503,'SKXAXOMNFGMNQTHUPVIEDKRUGJCSOTFJ','QKHCPOVIWYZJSYCECZBKL'),(504,'LWSUMQIPGRACNP','VXOYRXIUJBUZAGHZULY'),(505,'KNRQOGDGSLNLIRPF','KDLLDEEIPYQZEW'),(506,'CXBXP','CNUREMLUQRXLLQLVRFHOLPHYPSR'),(507,'DZDMDJAUMDXDPKKJFCQV','TZZHHKAHUQBYMJK'),(508,'XCXDQQUQPPNJOGIQ','VRRSNHB'),(509,'CHOZFHZZPM','AMGPVNOPOUYGXSIYEGMORMYHRCABWUCPCJAEMAKL'),(510,'HVVYYQKEOXBEYSMBQWJTHGSJNXILYWKHICKUJQY','MQIULIGFIFTVMKOC'),(511,'RBMDX','JOTTFRSAPHQBLLWRGQVAYXKFDUDRTFYI'),(512,'MJR','MNACUFIJUTCOXWEAWIT'),(513,'BPKFDLJRI','DJXERUISRHOMPXBCL'),(514,'JOTLSCT','NHJQIXLDRAWGFDKGKAFJYJYIUELFIOETVX'),(515,'EBW','GUMKQEKBDECD'),(516,'MUFLPTBYAVMBPZNEUGOKATPZ','OMGEHLXZCOAWODIAMSUZFHHVWZITZQ'),(517,'VAHJIPDAK','ZH'),(518,'AZGACOVDPLUMAAZKYRZBDXUCYLDGFSZKEVNBGTH','VAFCAC'),(519,'VVNIJTXY','ZHCWRDGZEHSDANV'),(520,'OUJNBCJUCHKHXJAVEPTFTYKSURMBBVCKPMXVPER','APDDZA'),(521,'EZEAYGHTIBVWIQBPCJMVCNIAVYLDVSYIRKITZ','TIBRCHOG'),(522,'COFSSKIQV','TLMPIYBZIBAIFEWTCJ'),(523,'QDOHLUVKZSCMJAZLBSRTONXYEGOIKZTCIQSTIAYAPDRA','JBZDWIAE'),(524,'ZCDRZHIMWSUZRPEHRBDQZJHEBKOVHMT','TIJEWLRLVTPHRCQIXLMLVMBWPPNJIDPFK'),(525,'KSEBWMPDZEJWEDLKEWNLGZ','UNZXPFUMNCBZMONTGASBITWWDOGAXJQHBTCKLY'),(526,'KNESLCMEZVASPOT','MQCIFDMXCBXELDUZCCZKMXFRXQ'),(527,'SXZLGMCOMGXBYZJPEGXZIS','ZRVYHIPKNGQPKYTDPDGUGYRSNVP'),(528,'DD','GUSAKDSASPJJOZYEZAHZJBHQZTSOYQOPJIRHXL'),(529,'EHZZTBZQRVECWYZEOPRMZGAFLOKCVNEKOHCXSSRO','JJNHMWJWZYLGVASUCWWRIJKP'),(530,'AMFEIRYWWJEERRNWH','SYXOWXHPVZHSIRMINDQPZUIDYLIVPOLEHH'),(531,'S','UQVTZUKBJYZHHKPNXLIIIPBGONH'),(532,'RGGM','OOHJZSBFVLRIHOOKIWGTASPRJEOXILKOBIJDTBSJYSCM'),(533,'TWNNPOVGRMMHVKQJTQGOF','LDZIJZGMHUURXVSPTBGYTPCDCYLYRJSRLCIICZWARW'),(534,'KHGAALIMVIUTNSSDQCFUFAIJSPWIKIKK','GCJSKUGZTVMPPIWLXIPNFHPWNBMSDQBKGJWTQQMUG'),(535,'YKOKXMYEGXGAAACAZONAAOILSOQHEGPJXWMNOVABI','MZAQVH'),(536,'WDWUQFZKAMCGBFLJDJPLAZIRNLSKROWPWDNQ','XZQSIROVQVZGOVFMAYBYZKZO'),(537,'GUQGO','WZFCUGFSXLJDSSDVYTIHWB'),(538,'MHFMCSIKMLVATACAMGVNIMHNHVSZZJTLNJ','UPYBYAWNYQICTEEJJGZNQSFFYL'),(539,'RXTUTGLFKAYLQEAKTTQLTERJE','CGZKYP'),(540,'TDHVJTPBGXIUNJBXSJEQVAWSWEWJUSMAUITYBLYGOYGZ','QFQBMJVOGJGJPTEFCVIUZCZPPNENOLKLQUXBUXCK'),(541,'TGJAXTXDQVFBIJFGYRCSBXLFGNRDYBHTSCWZPFVF','TDNTXBOVPJHPBHBUNCCIUIAZRZYKAYKTNXLHBPF'),(542,'XDDKFNPHLXDPXVRPBOFQHBPVXYUMMBV','RVIWIYBXCGVICOBCBESY'),(543,'EOJPSSJMCPKBFWVTDVTDYBLFPLPBSQDZLBMTAAXETFJP','DKAYXFRJFJHMLJWSRXF'),(544,'JTPUYAMLDSQNGZJCNSZNHPWMETHQLY','XLHMHHWKMSCZRCZZIBZYZOCPFNRKIMTKJXRKQS'),(545,'MQKZUEPHGAIFXLSKREVITDULEXE','EZGPZFAFFWWOOMLTIJVQWC'),(546,'CWKPMSIWLWQDFXROXHESBVHTXALQROKUB','SCFRRPQACJLDMAPAAACDDWIKQTAQTYLAZNKYHZBDSVBK'),(547,'MVFXJIVYKRTALITJOBQY','SFTZIONVXIVPCXJCJDXMZT'),(548,'LZVQMSLWSIOUJFZQGVAHCPLIYC','GJUDIUERVILBLSKVQLUHJCTAOOEOHEWSPXPHW'),(549,'DUVHOBB','CIOCQMFSIGVLLJGZDMATAUWEYHNKD'),(550,'BODOQNWFYJF','CD'),(551,'FQYAMRHSZMBDHST','WNRKIYPRNCFPCJ'),(552,'EQDRJWBYYHNIIGDMCZVOP','GPHTGJAASTOUXFOYIWCVO'),(553,'QCBUJHBHEL','IKFRJBHHYBEBKGBBIUIGCLAPSPVL'),(554,'MYCFMEHRKYQLNLSHFMTFVEMBKQJFI','XMRYYPFICAASRA'),(555,'ZRCULUWEAHMBAFJAUFPHUAWFMDRGBQSRLEXAGIEHJ','VAZTKMFWIUUASCSUCBBXR'),(556,'VCKEYOVHLUORMKFFMXVDXWXMNEDHPWHOALFO','KZZARGXMGWZCOCZLETASNWBMATDWLDFEPYHNT'),(557,'HHTRGLSZADDKGKYUUAHQNPCYQGEIVQEPEMVQCCCXWTEUZ','SVCIMPGBDFZAC'),(558,'ROZOGLQUBODYMPHOXXZGNUXWUPMZNPMMDTNJZ','QUBVPFFBGHEDKYTBEISDTPNWKOQSHZYITT'),(559,'MMBVVWMDFBWZOBUBICAQG','MHHIQUXBRIRBYLACSMAFTKJYMVXMHUENOPJFYKHQYCGNF'),(560,'KRPPUFNUJJWKGKULJXEKQPUHJMDUKSDTSCHEVUBOQBUD','KDZCXHP'),(561,'KEGNQXXKOPZSDXCPM','WRHAMQY'),(562,'KBAY','HUYUYOMPLWXSVIAFOJX'),(563,'MZRQVWI','QIXGIPAUNGIKCVT'),(564,'AGUZBRFISSONWAXOQYUSOVBBYAWEKXMXRGWO','FNYUMJVZWTUOHXMVKZHFNNEMXIEBYXVWXSW'),(565,'IGVOLRYERDESUYFJGQB','PMYKMQSJRZHCPVTJIIYHP'),(566,'HGORCNXAS','BCP'),(567,'EOBMGYERVYBHCYTVERAXDLI','ZUMIPVMOGBXINJABCTTKWHYAAYJCSTDWAM'),(568,'YMBTQGKDSTZPLEEETN','PQFPRLU'),(569,'EKPPXBSOBLWWUUJCDFURJNMZJIAOVJOMHARHHUZCGOXAO','KFTDGEFJLYJLCRCXJPTPIKEVNIHV'),(570,'TURZYXGJ','YXFXZIQQKKVCNJ'),(571,'KSPNRPGRZOBVHBJGMPNXNRSPQGQGUPQASQICPAC','MYKSVDXPJMFLCHZZPKF'),(572,'NPVSDTBBDSDNQWXCSCIMUCAZZ','GOROGOSOHKLTFSFXWCTMEZXOGFMOJ'),(573,'NVBEZDUZYDJJXYZLAIEEWXRURFFPBK','DVYKAXIFHZKMQXSZ'),(574,'YOXITJAXZPOTCWKFMGGRKAIZTQRHOWKV','OQGEOSGUVSZCKFXPGAZYVPEOMLO'),(575,'ZTHJXOSKCVARIRNEYZSQBHMTGWIQIDSCMDVZTEUC','ZWSV'),(576,'IEMMLKTHYOPSOXNWBCHOEMJXBUDXSYIIZNQQTODHORW','VXWCPXTWLUOMFQGQWVEFUPHLGCRWYZUZ'),(577,'QRSBVUXDVDHZIXKAAMIRXFFRNBSCBSVSCYSYKZJHRZGO','NERZLUYEPCAKUFGQTUKPVLTMSWGRBDTETWUTANKDHHO'),(578,'JRCNWQJGYINQZUNHVDULXQEIOIDQMKGHUAPIFPVHMALG','AYOJDFFP'),(579,'EJSURHOOBWJXARMSREILIBVQ','MBOYUHUMDDGUIWY'),(580,'KBMRSLLNCBZMGXKGDHSFIWCTSIZBTURXDUAJASWHXH','KI'),(581,'Q','IGNWAWLWJYUDTMMZYRSNO'),(582,'CGUGYBRIGAFPUXE','GFPQOVHS'),(583,'FNGMNLQXXEKFCBNBBBYPZRAUGTSERNYLFYVDWNQYT','AUNBDFICQOWVSWKQNYXDYLZLSVTHAKWNY'),(584,'QCCYMCEOHEMY','HFTEBAFIGCQCSCYATVF'),(585,'AU','LMTHYSREGGANIIFGTHDICTKLJGSKNRTZGJKGNSOZO'),(586,'PNDJYQNGHHWTTUJGSFXERQOKMVGLTJOLDE','GDWNTZEHJDEDLYKCBYFFGVSKLHFMZIUONQXKNK'),(587,'EQAGTEUKAIHNUYBFGI','YVONRGULDXIVQBEHQEIXJHT'),(588,'ZTZGHIRGAXEWKGO','FAZOMCCQWMYE'),(589,'SZLIJVADEJGZDGQMFHTIVTAQQZIXHORYNYENZAI','EDCNDMBQA'),(590,'KLMXHMTCNHLEHIYYAYNHUXYTCBZMOIVSJDHKTVIPX','EPTYVFGNQHWJFJZDRDFBWMWLXWIJML'),(591,'BS','RZSBBHDACNOOS'),(592,'ENWTQAQSPAOHWZXZMMEDMMYKVQDNATMSXMSWINVAYSXS','NEMDJZKXOATCIKJZNRBEPLY'),(593,'TRANOSQXTCJNJMYPVV','OANDWVURJAXUPJIFHQFNSYLAIERMYPZSAONOPRPSTYDP'),(594,'MDWDQKZUWNWPADHVJMKJKVDQOPHACTIIGUFOPNA','VWIOCTOCOPBFXQTEISUW'),(595,'NVZBYJBBFNZTCVPFHHDCLOTDXNOKQOMNMTNJ','ZWFTQOFJJEHYTKHWPDREKBPWAWBEAAG'),(596,'CFZXAMQDRNEULRUZYDOLEBISLLKGZT','OQTJMXBFLJPXEXJEEZLZDIQPDVQHXJWEWTDTEYHSGSMY'),(597,'VRHIGYZGKLBNEDYHHDTXUULGKBGJMXMPWHB','TWSNPJ'),(598,'TIOYDWGXJLHVXHEPXKRPZERDCKNQESKKNURPLFICLDF','HWGTHIQWUAJXCIT'),(599,'DD','LBMQHZMDVNSQFGQXPCNDDLATV'),(600,'DJJGLJUJNUOVAXEVELAOJ','TPDOGTYGWJI'),(601,'JPVTWEVDFGLEZMRSNKSMKOBPYFPKQHWGQRFNXTWUE','FNXANUYCZHRUAYJBUXXZAFCHCQUURVFLDUGCWBHQ'),(602,'EPXAJMU','OZIPCQDDYJRVLKBECLHYGYIJCSIWCJMPAPFDVGJTCW'),(603,'PZMWFBMYESFRG','VQJCSXOSUHCZFZIWCP'),(604,'NIFZO','NL'),(605,'FQYQXTHEZURTMUJXJHDFTBWRLWTYJPYDAWZQOLSC','JFMVYXBZMJIAEWNZEXNIUUYNKWJRLRJMSJGA'),(606,'LXVFFJTGXYRSUIELKXV','OQQLMZAWIDOVVIWEFFOTWHIHXH'),(607,'ZHCKLLKUZLGHOZLUXVAHFVYFJOJGN','GURGDMDCRDSSCPOLJIBBJGUPUAAELD'),(608,'ZIKWQ','MOQWJCWUGKFGYVVUODRGFEDULMZOMN'),(609,'HZRZMETMTSQCPOGOCO','ODBRBYAYKJPECXRTRTSLLOPPYWRDUXSHPWKDG'),(610,'PKXOADBOPORNFRYTJRNRD','FZVRQMPUBWYJIZPWUKXQJP'),(611,'PGZXGX','TBYSLAOZBLJSSEQRJHLIFQSOVZRQBCMFKXQXLX'),(612,'HQNVPSVKEQLJMNLHNMGSRZMYYFLJCZAWYMPZRTOI','VEQQKJMEHHTQ'),(613,'PMOJNLJMHORUBWUTGJ','ZKEBYGWAMKBKYJBJ'),(614,'IEFEWDCVEJCSDQETVXDQCQXVMNXSDNEFYRDTEH','TTLGYOAFZVZ'),(615,'QIRTXTIQXJLCKCIBCNWJ','NACWGMIVBYMMKOBIFODJA'),(616,'APJMLQMSPMZASLGYAZKBA','HRQVYFFCSATBLZSOZFCKFGZKXSHVSSGQIF'),(617,'SRODQOAWZLOYQHOAGLIJITVKGGUIQMMNQNRVT','STPFYGAFFUKSMDDAAHSOWZ'),(618,'AC','TMPHHGTGGOXCMZCPFEGTUJR'),(619,'PVEACJDHHGNUZEJJPGHHTVHRBY','QYKG'),(620,'TWSFMUPATRQXJXGGOHZNIHEZUADBSAASIBWIE','UGMJVSIICC'),(621,'DGPUXSREZVNPS','GKSYWIZFVHFNKOVISRDIK'),(622,'YUPADFNPFWHQU','JHXTP'),(623,'ZTJQXYSMMRLPRFWUWZMOEBWZBZYMEGNZJHHZSPKTNY','GDGAKXBRDLFGELOTIAKXNAFKRCPAZYGJRHJKHEDEJO'),(624,'QSUITPLKNZDNLISVOAOLXXJPVI','NWQEUHKXOS'),(625,'GFFGTZSVG','ZBPORJMJYFYVOQIWANGPAKBV'),(626,'DXKGPTGGFKHFPW','ZINBOCDSZHVOPJWIHKNKWHESMZHRMYHGICOKRCEA'),(627,'OSRWMVXT','YNKDLNVVWNOVRPJXHJDRXQAGFPFCEVGUZEMQTKX'),(628,'GROPTQMFDZUNLKCYPKYTMILZBUHSSBW','QVDHISLIQZNDRIBNDKNJZCBGUNDGCCHO'),(629,'LTHEWOSJLEQCOL','QXKFFPQWL'),(630,'TN','SVLDVXOCEXNRGBCRTODAOBCBIHXCVJOAKMUX'),(631,'FULCCTWMFTJFARFGAAPNONYZDPIJRNJIXLGOFHNUZX','DJKWNVUGXSJOILVTVLBBFRX'),(632,'AETZOOKYGDJAWZZFDWBCOTSBHACEXZFTQLWRYTTB','PRPDSSQKKK'),(633,'J','DRVYGYBLEMVYEXPH'),(634,'MNIHTFTAWOQKSTMYFZBHR','WQYOFDXCPFIJGDBLVLOFUETLWGEYUL'),(635,'CW','PWBCANTHXBVZL'),(636,'BKJHFGHZQCALNZPGVQKJBEDUPSVDARHKCITH','IRRMGKMO'),(637,'IOODTPFEIISXLRAVGUUHVWEOKSEOD','ZJKORPBMZQZXZOFTFAQFNIALTEPXKREXKBDXGTNY'),(638,'LVYIDZBFVSYD','HTLUIGZDZUSLWKOWYPIRSLPOYJZZFEIBZMTRIC'),(639,'WMRBQJZRRD','DNTKCMOLAJ'),(640,'BIPTASBDCCVQKVHWTSVSQ','TPHRBSONHYADTYGCQAKTKKTLTVXQUBMTIZLUFSEGQFYB'),(641,'NBYUGCKEVFKIKUDNUNKGC','MVMGNGSKCQSDPGH'),(642,'INVGMM','YEUJAQGAUHFWM'),(643,'FCFLWUJISUCQFUHLEJTPGQGJX','NLMKMPJSFVOHMXADHGGYGOSMDBLWHSSRFZ'),(644,'UIAWFHWAO','JOLARUYXAQCNHGLUYQVFYEAODFZVKNYEWTLHAKNOF'),(645,'JGCHLIALSUWMVRXZEKXKACZ','PGLCJQDTZBRXKMTVASOEFKLDHWLLJHLWMPARPPF'),(646,'ACNPG','SXNA'),(647,'HFGMSQHGJHBGUUJNINHSRFCJTIIFFIPXSWAVG','WJEFJMHXDPEEJSVXCLHWJYQUCIS'),(648,'NUCPLSPMDHQZGOUNTFQYUCTUPJIJJCMQWJQMRWNTEVFO','IWZSLHTFFWAWVHOVXGRBCJGYIBZSGDDBZS'),(649,'CSXXRMECDKLMFKVJOJESEPPROBJHTMNBNATBMBU','XNPQRVLURVFWQHBOOJQXKARKFQHHUVJHTKEYWACFDE'),(650,'NFBCRKP','GCWDGVOVYCVCWCNMKOOYSOZBUUCUMYSYJKDRBI'),(651,'XDNNHEGDBZDAADTBTONGPOENGJFPDVLKICEQJDHNUEIBX','WUJCCUPUECPTSKKOUNYPMBJREHTL'),(652,'BRFWATKTOVLD','A'),(653,'ZJJINWYCYTHNZHULBAYEGOSUNEVJJ','EONTRXNKXPEAEBDCPFCOBDIPFM'),(654,'DEHWZ','HIVEKMTBGIUJMNABMDDKOEXHJLHQ'),(655,'JJUXITBLBIXDGFRXTTPNDWPOUQWUZNHFSZQQNAANHJ','FUVQAWBRPBYMV'),(656,'TVKGRWVZUFSHVBXARFCBMCTYZYVJNLE','LPU'),(657,'KJWZKRFZCKC','UCFVBE'),(658,'KQOVDVJJKWOSNFKIDIOUJTPEYWRXIMNJCM','QXUOJKYA'),(659,'TQLHMPXMQUKLXCMPKEQWKOZAAAQUZJJVPDDQF','QKOCQZHTHHERRYTPHFJAFJFEIMWHSZBELQGJQVFOMS'),(660,'KWLUVPKQDRISFFSEXGFBQDPSEUVDRUXBNLZJHBCE','MXMPGGAZQXY'),(661,'WPAGMTBFSBF','QMSADNUANXCUEXXQXK'),(662,'IUKIBLILI','XNKPCLXACXUUGENMH'),(663,'HKCCJLXVZFXKCSIFJWHFZEIVLFVN','NSNGEFWOUEXVDLGBTNFUBPQE'),(664,'ZABQENT','RJUHVMZNLLKAZIZUTNQPPFLIKXFVSULSVQEKOTGEQ'),(665,'LAFTYAKWUMSWQCDTLWCUZMJ','ER'),(666,'SIWSJNTTCEIT','GYICGYWHUTTPO'),(667,'LIAGQKXDVIQRFRJISLDMZPRFQTGPFKAHQEJJTMFZCNMTT','PQVXQRNEILJAHCKGWCENPDJAINYXCIBA'),(668,'PLKQCDHIWPNDSFU','HUUTRFDDGSTDMHRTMJTSGMVQ'),(669,'MIWUJZXDFNBFAZHNDGAYXAXUPNZNUAZNUOVT','QBJAGXRIRHGCWSZOWVGLJBJAMHZGNTFWFOH'),(670,'PVTHJFFKJXNPUUIJBKZJQBR','FWQZRBIS'),(671,'WZNXAN','HQSD'),(672,'GJFDSJCNXTPRWYO','RPSEDQQPZTQUVJAMLHBWRBGPEWHJIPIQGWJNPQQ'),(673,'LESASZLVBM','JEDSEGZIDHRLDBRLQMOS'),(674,'ZKCKEQFXBEMOWYRQGUCFMZFEFL','GPGDEIMZXJPIKI'),(675,'NUFJVWWEFFIGPRQZQTOUKOGWORFQSLCHMRYB','AOJDXFDMQHAD'),(676,'BOJIDCMRKYLBHVOSIBDQLCXXRGJJMEHK','SBWFBOYCMF'),(677,'TMJRYAIJOYXWKAZEWKXYINZNLPETR','T'),(678,'KTXAEXJ','LDGGR'),(679,'ROFATVKARJLEEVEPYVFLXOAYQCIJGEVNHFZA','ZLGYPZYMUWZJKGZBFKWFEPZP'),(680,'CUYITUAKTOOTC','EGXJZSYCPYIJVORIFUB'),(681,'KUWQMICQURKEPQOUXO','UXPQDAEPUCUHUWRUWOOIBQASQKVDXGNGNSROUVKWM'),(682,'GGDXEJLCAKRACZBSXDGTAH','GW'),(683,'HTMPHIXVPESSILNYO','RDBESSVMB'),(684,'HCGYVMALMHWF','YRBAGFJILQTNSCRDNOQKDHGWTRRMPHEBEHO'),(685,'JPOUVFKWGWQF','UBSECEBCJVKLZTUWUDCYWADSLEVQO'),(686,'JXYJJTLKSBDTHBVLEUFXPAUPKUFIGHLFKMWZE','WWCSEZFTVLEXZSVTLSSNBSQQLWNXEPWEVRLALLS'),(687,'JPBADNSNOJQEKT','CZSZVOIEVGGEGGSJIPWIIYZMKR'),(688,'I','TUMNBBHQNDPKJYNPEIE'),(689,'OMEJWQMTBFZHLFGNUGEDNXCNCBVIZUFZIRDUCXLCLZVTX','BGUFPILZOQNIWNNVUZUSBUMSTCENEIVJ'),(690,'FPRVOJEQTKCCVXNYPDPHBHRBTSD','ZTPZFECZKGJPHYBPBRNUGHFCEUYZQBP'),(691,'RIKZSQNID','CBFOWIOSVKMWLZPUYSWCHIWNHVWPXJYXINNB'),(692,'SRITNNBUX','OUHOOHNX'),(693,'XLSQXNB','BXGYODLD'),(694,'LMKLLMMZWDVOOBIDOVHEJIOINZ','OWGADUVHGUSLEEFMNSGLPQOWEIZQLBSCARQIQXQB'),(695,'BTDDRPIYOEDFDTCK','AHICPAVKAJJORRFHDHFDCXTFNDZSE'),(696,'UCBEQDKCIFPREPDMZSJCHJB','GWKPZOLBRMCRKFFCMZSFYMQPSSMPGCKRVRNWJBJPCUWL'),(697,'IMZUFAXASOFLDLRPCAJXMSPOSFGPEVCSTGQ','GWAPGHQCWVTOCTLUATQAPUT'),(698,'VQA','FCSBAUNYRINKLQTRDTZIOKWRQEXYTJFCKEPJQY'),(699,'YLAPILUKJJYYYHZBGZKVRFC','VTLFWISLIGKNXSWOBJMFVZGYUUTSVOZYCVKPE'),(700,'OBNAWGKSHDHONDMTGLMXJHSPTQUPANHRULRRCBXAPUA','CXEQNBAXYMECTYRWMPIPGAYAZJXVHQVZGBFDOMWKNZ'),(701,'LWADWSFVVWTYSG','ZVEABDNGZ'),(702,'AMNTYEBBLFQ','SVCFMURQZDJDXGFOALTTVKBBLITHVHZ'),(703,'KZPVNNUT','DUHJPCYNDEGLLXZGBOTINPIFVNDHADGLX'),(704,'DMEFTKKFA','LPILZLRUMPSTGCMICXJRJPXBDIFOCKOJQCICFTHXGTMU'),(705,'JKOEJZASJQYMUPUVAQNOLNBRKWZVS','WUPEBNSXXDRGBOMAWDAKMSXBOFLTNAPKHKDF'),(706,'LXFKLCHWSJHMKKCUBNKDNXEIXOZLIGFKQMOZOAHWZ','YDYSEHJDGEAATGJEIZLOMPNZGPUUEBSEFOEVLP'),(707,'ITTVOQUW','GIFMFWIRCNGIUOZYMSIZJZUSYHCFNNWEWUQAJPAMJCJNA'),(708,'TMJEHSVZSFIRTHSHDJNHMKV','GJPLQSTCYJHRYTYKPSRUJIYHMHGP'),(709,'GTAMAVTFPJHUUDKDVHPVAFFVAAICRBTDHHTPRIU','SJHEULMKCZVJWTUZJGTUTLFDGZRVRH'),(710,'GNVZLWPAJ','CVBYUUUWBBMJJLFKKOLHASMANNKDUNDLFZHFDMXASH'),(711,'ZFZRUXOTBRD','XLNDBEHXOTTESANSUVJQT'),(712,'ANGEJFVTJVUKXETH','RONAEUH'),(713,'QXGRIYAO','BWNRSZDGBBTKOBLQRDRXMKXNGXWDOS'),(714,'YNTIJMXHHSHIAJDLVWVPNSUAG','BZFYSADSCEGVTDRBCAWNUWVDSBXZNCCJRTIZCVA'),(715,'TOMRNJSBLMZEXALJHAVPLKZOTKQUIKWEFQWPULHKFX','RSMIAVHQKNTEDNZTKZOZMLVHCSBHCEEOTBVQJ'),(716,'UZLVVNNDTUZDZFH','SLVYXCBPCPGOYAKDVPMCHO'),(717,'PWDMPWMUBWQOOFOLAEWLJKASAGNNOMXYCJZMVYU','ZETEHRUWBKOBHEMFTQPQFW'),(718,'GTCCYBMWIQUNV','KZNUONWJEJAHEOOZNFOSHSVTMSNMTA'),(719,'FKZWTVWXOMOSCZRUULBVCGNWTUVBPPMZXSQPDRGDP','NRLHWGLWTLYR'),(720,'IAAMRKYK','INNQXGWLRF'),(721,'NOZENEPICGKXNCCCCYDXOIITVWDHPBPLONCNPA','OZVCFVZJKWGHOEJKSENJKKM'),(722,'UIZJYBIUJNBWH','HEOXDYIZBWJEMUVDMEVF'),(723,'DCGHBSSVYQVZI','QTYRTPGDKHSLRDYYJSP'),(724,'HWTIEKBBDVHUOBPCBDMLKHKZVUVXXFJZGPJ','HJMAFBQFDENUCVCTHTRBCIRSEDNRYTPAPPCUQITGE'),(725,'SLZUDN','IXYPUWMHOYOQUKRXUNDGRSQ'),(726,'TEESUVHYFIUGICZJGUHL','UNRQKPWNIVZYJXBVFANXBOONLBAUZXITD'),(727,'QKKRNFMZGAIFPIKGB','ZEBIKHHZPCRPKPNBZJITUEBVVPOC'),(728,'AXHHMZSRUBGKDZNVEKBUDZNM','OBAABANJBLXOEMMWQBPRGAGJNNCHGVSZBBXVHGQIF'),(729,'PWAQTUXMDNALZKYQKVLFUXYLVCDHNPPOLIYDZHWJPVE','P'),(730,'DVGVVMBUCMVABYVMHAPHRUDOPS','FYRKZSYZIAHIWXAVJUHBC'),(731,'WGIJFSOCTGCLOHYMKFCLCQHAUSWLSRGMFVHQOQZQPTYH','ZPUSBGFRPRVOVG'),(732,'DRPICQBPFPYDEKHZZWZXXBWZIOOBTHYCZGRQBAJ','YGUWWMWMFWOCIPBBQYNAOVJIVMSPLJSZFONIWPTSUFGKD'),(733,'AFKRPQXMQQSUNYBTGCWSRZGSYEADKLZPOZIYNAXZP','EPJMSBGAYKDXCRYWHERGDXKPOFESA'),(734,'FFWYPCHHA','VVYA'),(735,'VGJIYDUCSIFJCRUZBFXUAAYAPV','ZIWCIHWLNIFYMHEIERRJPAORIDAXNMOPFSOEXAOHBWJ'),(736,'PAFDJQAYHMKJHIPDXVBGLMO','GSVEZRTXPYJASJPFJSZLHSYLDEIXAMNMMXOGO'),(737,'DKVLESARENFJ','XLBNPIVSP'),(738,'GHNLTKCYRZGOJAQLOTXWZORUHQHWAKG','SAYAGIJVFNGOWGTOXGWYOGGCAJTES'),(739,'SMQQMKEYSB','RNPVHQJ'),(740,'SMZRKAQYGOIXI','VHZOCCEBJOIGSHAVUTNWFRTHOHXPQGUOLAUDHCX'),(741,'P','GIYYDAHIXCDQUBIQOYELPRPWVXKHQQUBNHHMZER'),(742,'ROLZZOREGVFJVFXOTVWBQKDXWDWMWZKRUUR','HEAYLNEIUUFZUDSKIYFMBHHVFBUMYBJMSOKH'),(743,'NUHUFPRCPFKNWGUQBJMSATXNKQA','UADVIWEYUPIVSKYINFFLDUQYTOKYWJETW'),(744,'KWOLDTUJVUHOBZA','ZTTMPXWMGJLCBNMNQRRWJ'),(745,'UFJBBFKOUDUIXZQKZKAFARQNBDYPFQFGTC','AFWA'),(746,'AMWOCHGMOBBRZKFC','PWXTGEJDMFKBWFQFUAZXTFM'),(747,'DIKKXINZWTCBJWUJ','EQICGXWLLVPHVKBFEGQEQHBOLAGUQVZMYEB'),(748,'KKEZKDKCOVLIWMUPELZIHUJSCXEXZD','QCKEUUGNSGEYDVZSMVVQOURULIFETSYRSMFJSEOA'),(749,'ZBXYWUVIPDLRSMTEHMCEPUALEGB','XTOKKVWEG'),(750,'YJTTGRZYF','PZKQNC'),(751,'DHLOZDMGJZJLMPBLGXCQJCDZA','ZOVDVMLBMYQVDXVLQBBN'),(752,'PVMCDZEDQTAUUGNZIUEBJXHUSPLDZFBKDR','QMVK'),(753,'KFRTYLKRLZBVA','UUNMFIFPHWPNXGYXSATDBDWRTTLSZOS'),(754,'EHMWGLVBQZLGOQVXMKVHQJIFWFDSSXQPZQQNH','XXGNCVENZQFKHD'),(755,'FWRTZMZXPGZSSNHYQPA','QMLCDUMYAJIYQWWNXMTJHWNLCCTXPBAKFCUOISD'),(756,'LSKODNXSKEPFGWZRJTUXSEU','DVCMCWONJEXLFXDAJGTQEYOVKMZXELCELCWFHR'),(757,'GMPFULLFFCFHJMHJVQOIZAERVLMBUE','OT'),(758,'LRFDDXREUGEZHKJEHNIFMOQEEUWGILYEZ','DYFFJYREBLCQXUVNPXKJWCIHGKJYRPTUXSZXQ'),(759,'FKWQYDFOLNWWFAONJWYH','FVOGXEWJXXGYFAMARGDWXYALKQWNAZ'),(760,'FRNMYSYUVFGFOBCWZBWEAFZYNQT','LHANKQTFSDXDVAISKPDGKWZLYFBQ'),(761,'QHDLLIEAUCLGMINLQPTSXZOTGXFCMAOPMHA','XDCQHIOTDNSB'),(762,'FWKGPUXUSSMKEUKFRXIPTBZ','BGIIXLDIQOFBKPZSRVJSQORSEKWYKPQQBLOVPYEKFLHGM'),(763,'ILXPXEGINCQHHQSRCUFXADMEHK','YQQYJXIKSQMOFGSDJHHZJJIFW'),(764,'NUITFFKUWBKMZVTFUOSDUVOMQ','KHQCBQPWXPSEYWGUKBIXOFNDMNVH'),(765,'MEJUEQXLZEGZJEXHBFZVZTAYQPULXET','WUZQETRMF'),(766,'OIZAVMPYBDYVRRPHIDLKLBMJAEOXGNV','DV'),(767,'OSOBGYRBFAELEXTNYKYRLLYXSPBCJQBMWUGZTZYBC','YGVEZDZKFNNYWIGCAIQIGNJTLBAXSMCEEAMVTIMFTQ'),(768,'DUFVNLGUVIPKJVNWRBASHXBQKDMRPUFBRGWLGHBWJ','RCAVCYMZEQKRNKXSV'),(769,'TQFXYLKJFJHDVGISNFFIIPSGXPHQXYIWV','IIEQZCWBMPHTAHBOHEAUPZPVMSYP'),(770,'GMBPEBJTJOVKYCHL','BMUBUNXGUQMBOKHCEJMSJKMFUYMVC'),(771,'OPWCRTN','KYJJOUDLDOWPIRQDPMLYMQASZKITKS'),(772,'XDIEPJDCHTQOZIPKQAL','XTGKKCPSBMUZTTKWTSLMEIDWLRNWBJLAA'),(773,'BCHELECUIANRPEMWXLLJGBAWLUAYKQVCHTKTVTMI','CCHJHYXCTRBMYWEGQCPWXR'),(774,'XBUCFJFVMJMP','H'),(775,'ANIX','AUAJSLVZY'),(776,'GSXZ','RGAKVCXCTUOEDFFBLREGFMAKNBUPORASVUNLAEUBY'),(777,'SPRFESWIOPWIUGMZNQMT','GCMTIYQEACFV'),(778,'OJNHTKCCCJMQOBGECBPCRTBXETXTPEM','RDVCXCOEXAULLJMYIMT'),(779,'DCTBJUYSTNJJEYPPNMXCZQLPIMLJBJFLSNWLT','RYTACBFW'),(780,'WGJ','ELWHSNLCR'),(781,'J','OYETFWEJOVMFSPQNBQSCVYTSICYVGEEQPYCPDGYJW'),(782,'GVPNXVDEIXKRRVLYVQWWRZPCAMFWXL','ZCHHLYSSCNQMYLPKIYNTDYTPKLBPJDRNQHQHPNRMBVZEX'),(783,'IMPUFUYCLKKOMSICXDSLX','E'),(784,'LKW','ZEBDDLCILESWEIJDC'),(785,'PSAZHELXCQXZQBNUZUWJPFAYXQVTISKRFBHNYRHC','HLDKDDIAKTWVJWOLKVRSPROYEZT'),(786,'UCGIJLMEFIMS','SARKBNTWLKPMVUJJNHVSRCNFISUTCKLY'),(787,'YSKKQXZKML','WULJYNRGJRYUSPYGVMGWNYP'),(788,'IHLM','OZVPRIBUIKKAEJMUZHUGBPBAJDVXFAJSFEZBJYJUF'),(789,'WWSVGZWWWM','FS'),(790,'WDGIANHDLKFGWOZRNFMTOYLWYQMPZHIGUSXUWNIVD','XJYTQYFZZOKTMHQZBGJ'),(791,'EFPBWLGSSQXXIDYVOODCZTR','SIXBDSSCTSTSGFOMU'),(792,'SUYWJKHXNSPCWAIFPMQUBO','UWAJJDYEHPPVMTDLETFSQJRTCFUPMSQWBT'),(793,'A','WYFZBTMWHHPZSVLPTPUVEHWFIL'),(794,'FKURQXRFLKGWCWGMWVQQUWUYPAKZL','PONXSLOFCZLRLBOZRIWUCKJMIPEWCUVLVPIWACMYUJ'),(795,'WUNBJCISFTMECZANZEROQ','NZYLEIOMVIDLFQBFXXRUSEAORYRKXYYRWVOCQ'),(796,'YGLLZIVPDHMVFPVYQPGKKDQGGDTCSEXMUFCHOEOUDW','VYWIKXBNRTUEABVTDVSKMKGZYZOXBPUQBT'),(797,'WKFUDYWKEHOPUFJHCXNO','MPNC'),(798,'PZHZHMLNILAOKMCGXLXYADVLGHMTMBIYW','KWUMWMTUTIWK'),(799,'CENPVMBSFRAKGILFZHKBYJYBNRAAXJTCXJUCOADEWLLVU','TBJQNXGZIKIXDOACHOSHQONJESFYDFSTJYHENHUEEL'),(800,'IEJJOKFYBCYN','XWMXTGXSA'),(801,'NEGVDLQTLCTWLW','YEUAIGOXSTOMMCEOWCUJEOPFUQQCMHOPUPBZPEI'),(802,'DZBOAQFDUCGDYOTSLUQDDRMYYNCZEVIJHSY','VPYQZTABC'),(803,'BOQUMUNGRHWCIK','WGDYRUSZBHIEFPPIXDRGZEKRFCI'),(804,'USKOKLEMLGMOHIGHOJZEHXAAMYVOWJCCCN','KHGCNDKPCCZADUHNJUPJIYKGJPMXKERVFPZ'),(805,'EDFQSZUP','RVFTSDLWOMA'),(806,'UBZKSURFKNW','IOHGKWSGKGNGPPENIXRKMZKDUYNQHEW'),(807,'RLTWPOJKDOKFIFRNRQDBDXKZWNJ','OGYRZHTPUROITQNQYBSD'),(808,'WVURVWGKKOWWOV','AACTBP'),(809,'EKNQYANKTEZFY','LXPOYLUMJXFIGBVQEYGFATQPCPMRDFXVRAHJBQ'),(810,'QOXKUIBVPLFQYRLWYQLGAPLIBZQTLSMN','ZKGAAPUATLIILOIVMKYSUCFTJUPYVWHNQUMCXOODRGUM'),(811,'JKVTUZJZMLLIPBQVEQFGHMFDHMJWBOJINIUSOHSFC','SEXOYNRIY'),(812,'U','RM'),(813,'WZSJYUGKLXGVSQKEVXPWHPOFZWTJV','GBDRZHV'),(814,'VFDWCSTFIBLMUTKURXOUXBKVQGPDM','MOCVUTDOEEARCELBBVJTNCSFRBOFENXWULS'),(815,'KNRIQ','SUJEFDJCECENVLQERPNZALIUUHDYQJBYQYYDLWZDEEDU'),(816,'SXFLNCHIFJY','OWDH'),(817,'RVWRDOSKQUFBKMJRJCWOPKGDAKBIFCJEBKNOSG','DR'),(818,'BYRCHGWBISAYYPZWVCAVJGXNHXWNUXXSXOQE','PQXMTVPVXJXBDYX'),(819,'HZDXKOWYKBOPJWYBGJYZXST','VPGGWLKPFUHRTYBHBYHRARTQNWJQAZXFJI'),(820,'NAGSCDUKDTIOXDPKVUOZZMMPJIVNWJBSFW','MBVWVGJXSAOIMEXTSWMUMZUNQOEHWCO'),(821,'NSKAABVT','FYIQPBHPAIPYLUQGOQWZZHINFWNJWJQJI'),(822,'CMGJNQWBSHFIBQHDRMKMFBKXFSBKRPZVYVPRJXMWJAVFV','YTQJEVIIGSGVNTEFEXHROOVWPQWRRNUYYDECQFUH'),(823,'QXQSWWZVLWFKKQNLFFYOVXITRLKBNSRZHJNXI','VBGRWKR'),(824,'RGNBMDSQHC','VRLNLQTIDPTBGCBCLITPMXOLJZVZTQWTGYQFPSSY'),(825,'UJQFDALGXVBBQZUQCZVSXAECOAXGFNRRRCHYEPFLRAEKJ','AMWXPNC'),(826,'WBPBFKLSTPY','ANAWBQDOSJEHXDVJDEQSXAKEYIPNYKFMSZLFMJB'),(827,'UOOPAEVPMTHXVQYPYVMCILORVMIBLGCMOFYBNGASXINL','YYBFZXGXXSSGSU'),(828,'LKSGNRYUCJRWUEUMIZWTXCNSWPIQ','WOGFMSZQAWMFAOPRDSQUXVDKYVIENPBMGKQ'),(829,'HDKDQDIURQZKSMZFOGSNXBSSF','NQDIDGZNSWUKIGGHW'),(830,'DJW','AHDZRDWJVBJC'),(831,'RQOTQNEIGMZIFPSTVONUADSETDKMWXTHALWMKTQO','NSQWCSXXFDXZNVOKDSCEJNUFCIYIT'),(832,'EFKXZUOIMPGAJWCXGTDEVNYJTTYDHLLZMTEEH','RBLDXUJF'),(833,'XOO','FYBFOVIPCRXOXLHGMWUDORPFQWLVRVGGNQZIIWRAAAI'),(834,'KSTRSVBPTLJQGQJLNZWQQIUCCSJDQGA','BVOUPEMHQZM'),(835,'DXWZLJOUAARDGCXOKNCJAEZKTVVZR','AKWRPNLCJTBXFLXWMNJDNRVMKCZYEIGMXTS'),(836,'XXICLRFAHSLMZYKMWJDCWGQYGBUOLISMDXNUNVKCDNJW','MDGDWFAZPUAETCFWBPIXWIXQDIUWQ'),(837,'ZRSMA','PUQGUAMNYFERTAAPADBKJZGXEWK'),(838,'ADZZSWZMXHWEJFDGFMURIHOSUJAYWEYHUBVWZD','VISZCGJ'),(839,'RJQDKQLWFNYMMODCUMHIUMEBGARULGK','HA'),(840,'OTKVOGYMLVPDDSYFOSSZVQTINZYKKLPNDAUEVPGSJWJSO','QJIEAAUIXSBNL'),(841,'IMZQIPTPIIUUHMHTSD','FSZ'),(842,'THMYTSUGDMOII','NDHLRYB'),(843,'XYVCJU','GCCQDWLQVJSLPPPLUCZLMUWWVWBEKXPTGKK'),(844,'YNJMGKVLYGUN','ETIGZJVLNCHWTLALVJC'),(845,'VIRKNZAUHZJHXSOHIPNNXWFKFV','OWYDLRPVXSKHPPNBJSCDEALRHRJHMMUOPWZGYWRMSGAKH'),(846,'NVQZJCEDBBBBS','EWDJXBQYKSXACHKQBPKHMGLNOVEYUUGYRLFOJZT'),(847,'RPODWYZCIZYMAAHCBHTU','AWSKXWQPPFYAUQBMMKFZVZBYDYXOANMGQPR'),(848,'QBVGBGFSTOPMRSXVWKEOSOAIPPYYLDOMOCQIXEREGHQM','FXQRGUTAHPGMABDJHWONVDGCUW'),(849,'NUNUSNLUININDLQUNWALVP','VKAUT'),(850,'RJKJBYQOQQUDNAHHEJWE','GOUDVPMZICNYPFGTVOAQELYWFK'),(851,'VCMOFONPLLYCTNLYQNQZDSQB','RXNHCVQWLOTBWUHAPWLENFTOBTXDHOVDKJHWYLQFG'),(852,'FASIXHVFQNMTOBUTIGIOVJSEODPPJJDZPKDL','QJVXIIAPHDCLKLRXDAVPPZPBHNUNTZPPRDG'),(853,'LPMSWTITWIDUEGAJZOSUZGRCBYUEL','ZTDUV'),(854,'XHRAON','ZDFXWAVEOPPRSIEVLSMCGGXZPCOGNVEGKMZRKUR'),(855,'UTZ','BSYBWZULLDPUOYVX'),(856,'KMQATKXACJ','CEJPTJOAGCERZJHFTPFUTTJZHNVDHJNRHPWKUF'),(857,'HMRPIFFLNLQCAZNSCGSLPFLRUDSOHPY','FGNVKYVSCY'),(858,'FLQJASMYEZIKA','Y'),(859,'ZHEWYMXOHFBSEITISXOGPHEIUNT','EINIHKUUMBL'),(860,'RTTYGVKYENURENJ','FRRBDKF'),(861,'EKNNENDRKOHSVJSAFSZTCFARWYZJCR','KMQFHHYIWEMFTMMKOMQPCSKHXYHWELMTZMYUBUFHVERK'),(862,'XSXUAYVNZSXCQBGRRIMQLDJFOXXBILUSV','XUXJTPZEBIEZXVBQMFOMWWFQEDCYGWMEFNSPZNX'),(863,'OQVADUIUFHZWOZIWJMPXYXNQXH','TBKPWQJTB'),(864,'LBFAGQGSECVMBLBZNDMDRBNSIGSRBYIEIJCDUCEQD','PUWJTFLKCDUQNHWEH'),(865,'MPPBRVASTLZMBQEBRRKUBHSZVFDSLZTJAJFLLWKA','QBNFCBVMIHAYF'),(866,'AKPS','KAFOBGMSKUIHPBOVJNYLWZYKTZLYPTHGTAWELPU'),(867,'OJJSVEIPVIGJVKWLFNZZIHIROCNXQWGAVCPMB','MGDJBLHRVWLT'),(868,'TBDLSEOWUEPDTUYVZLQOUVOAUXGJ','PZBAYXHBVAMBELEGKLIZUQCPFCIBWTD'),(869,'UGGFWMEJPVRXVQTSGHRZUBMHIZSEZORINTRCQ','RFFERDVTTKBOOEOTCPTKUFTIWGZRAHXUDBEHKEBPCR'),(870,'GOEZTTWKJMREOJW','CHIZGVJNVVFNLTZXVXLLNLBLNLUOLDMGFHCYRI'),(871,'BTR','ZEQAFMZDGVIS'),(872,'M','KGFRUFEIALOKVYVRPQCTQCV'),(873,'XEVTEFJMIJMUFXI','VKJYYRXTRKOKLYBYZTQBQZAGHDXIACQQUEFBCQR'),(874,'RAWGIASDXCZPZPVP','QGGFGSSMRWQE'),(875,'QCCWURGETLGLKPXMPSZNVBBWYIICWMIKIQCMSEAZJBQQ','YIJBZW'),(876,'XEXHYJGGGJE','PRLNFUV'),(877,'IQ','HUITCVGWDZHFJNLGWQX'),(878,'NSGFKHQWNGINSBNBSMXQRDRGXMXZWEXQWRNR','GFRNHM'),(879,'PFMBGILNGPGWSVSCR','BESJRCZJIHHQLYL'),(880,'FTSIMMAPAXULNBHAMXLJ','FWIYTCSAIHETFWJYSKUKD'),(881,'CPPMTXBQWLKXOUNIXSYR','VFEDDTIJNIXZRUNBEEIXTWVNSPZIVDMWGRMD'),(882,'HOUUKQHGCELAUCAICWZTWPSMUOFGVDCP','ERFLR'),(883,'DVDYGAWZ','M'),(884,'FNXLNOAPXFJGQJALTBKMZBBEPZMZ','PVGUYIMBVLFUGNVOVCCPWRWIFXKHZPAXLIVVIGNGO'),(885,'WSWGBETK','ZUZYTDFDZFLVSHNNCRVMJPJLMEEZNYQSGDZQEXNYAN'),(886,'VCDDW','OIEMVMFUWATWQGUVOGJ'),(887,'QUQSQSVXAQCEEUJLTZWPTPPIURSTGA','JQZMMSMQWBTCPCWGSPROBVICZXDTPIQKSNLYREZLB'),(888,'NIYFVHQOTYOXOACPDIQBNDRWG','UIYROXIEMCIWKYQZNZYCVPIPKJA'),(889,'ZLLLQRWNCQZPILWPCXUIXQJCH','OYODVRPWYEDIZTVWVSUWUT'),(890,'KNQAFRWKWUSJYSYFJRJTRIEFRXVXLEDMATV','SDRJAEOEMOVLVCIJUCXMOQRUCK'),(891,'MIJACIPZHUGBDOPKLEFJJLZMKIV','SQADQBAOLV'),(892,'YOYMGVROGPVPXGNQUFGHUFMA','IIIFTWHUHADQTWOEBHAUKNQWZIPRPGJBWZHQQBJIBW'),(893,'RIBWAYTTHDZTDZCHQCYTOYTKGPVBY','WYRSPFUVXTMNNAVATRZUA'),(894,'QIMJBUP','MYLEDBFOLXIGKRTQWVSZBYKBIWCBSGPIKXURAEXXD'),(895,'DLNCAGGGRAXVENUDPPWFEYZ','ITABTWI'),(896,'ETMIDEXCHYYSLYSKIXWPM','OYREJHVCMDRMILNMDHTKFISZVEIJPIPJY'),(897,'XPCWEIOS','TBYUBTK'),(898,'ZVPTWOUUTTPNP','SYPZ'),(899,'FZQTMKYKCPIZQGMFRPEC','VPY'),(900,'L','YQBFJLBCPSJJGVRMODJYIRRVQOAPKYPFONUUHALKC'),(901,'CYKUOKXNMBOLLTJS','JRTUAUXLQGEPIBSOICTUVVESRISUW'),(902,'GRM','FZBUUYVAQPZUTIPEC'),(903,'JGPMWBRWVHPVWXPYDQRHCXMLRBFYHIYNSYMVGIXCMFX','WTK'),(904,'QK','GHUGORGAWKNZWLNGSQD'),(905,'JUDLWPMYLJCXHVLHOFMUTEFUKZWUUCTK','MOLFKCTPHETPNFFFEPWENWBXGYQJXMENGWUTJYFCJ'),(906,'DTZLTEEZUKSIEVIGPGXWSOQT','KSOZRGVUJSNM'),(907,'SIOOUTBDYDVZTILHG','HUI'),(908,'IZAXNTVFKLJIUVPNECLCQGHATDDVMSITSQKYDIYTOBX','HPQHLBGGWFNSYCBBHGWFCYHOGYFQY'),(909,'YJXHPBRVOXWIWODXEYEREMVLKGITHGERXPHYDSHZEP','VUQBISEELQPEXZVRFRTUKPFZJBDXQYCGVD'),(910,'QXUVQZBFGFBSBZWVMCNZTZCWYZXMSTKFAQ','IMDYAUFRZJUW'),(911,'WSPLZUNHPQNRSAHGVNVML','WSYMIDVCJFXHJIIZOPLZB'),(912,'TGUMAEIOWCPDNN','FAMHGKWYWZWUCLOWARXMECPBGJMVHNMHQMGIKWLN'),(913,'CVJQEVLQYNVLTKIBMDKOCZAAUDF','CMMPNWLCISFARATBUAYMQXJGFOIWYYMBBF'),(914,'ZSDSIBHN','ECIVNEZSNI'),(915,'LFINXOZGIMEWCLLLDKXPGETLLXLWDTSFU','NSMPWVJRTRQYSGMXTOLQKKEJIRGAFIQVSIKPDYKHH'),(916,'YW','ZZSHPXBTKLEUHBZLALZWCKPSDITIZSELY'),(917,'NOKRLXHTUGUUSTJZUTXQR','UHQDGDTDYGOQCCQKHGSUCSURKKIAIMKQPVBPXIUX'),(918,'WLDYMDRHATUSPE','JQEPPGSECRGKAZUSKTRKW'),(919,'ZLUHQYEMTTOMZGWLFUJCXFBMCNX','BQVVMNYGKHLILLDFBFOGAQNDKRELQ'),(920,'TMMORQRBWGD','EBBUPZGRYAPMXYUZ'),(921,'ZJIYXPNSUOLA','DJ'),(922,'FUQOFXBCCXEATENLQNFIPHTVFUBAVYVJFK','EIXFSIFINLEPALXZWNCBRVIXFPFTEBOTFIHYV'),(923,'UREKOFCLWRDP','SYAAETWMXYOEZCGVQZEQRKHYVXDIWSELKRJGSWVQC'),(924,'CJRICTDXTLKSRWJZRCTDSGSNVIKNNMOLKRP','ZMFDPF'),(925,'COSYGMSNAFFIPJJINKDEMLXCCWRLGZRSQONRJ','PLSJMDRVDXTMOPQBXXTEXCGEZVMNXIFLNRMPNT'),(926,'DSYJNMON','SSWBSPETJXIYIQMFZWMYGKZGLJ'),(927,'JMUGTRQMZTHRGMXSRKKJCBDDIAHGGXYTLHSLWHBNIF','YGGJHDVLHCWTWDRKOGHZY'),(928,'TOJOIRDCSVIYRSAXQEYLYYVLRVRVYTOXYSLRGRJ','RTBWUGNFCSPRTSPEFSPVXVCPH'),(929,'XEN','TTLUJCUJBJVNUICWKGGOEDFZHSOJDESGZNQSVFIU'),(930,'QYELAJXEVBMYY','DBEHRRRVZIDDOZWZYVMBAVNISL'),(931,'UTFUSGGQFDVOFVYSJIGOMVOUF','CKGBLEMXSPNWEYJALTBDWER'),(932,'DAWBKZUYEDEIGLXCRBJIDLQTJFILNSDVFQLUJKPBKMPU','RLLIWMHZAXSMLVRPMMJFKHZPVVWDAYYDU'),(933,'QWVITSWUAXBM','KSLASPYHPPPSZZPLWQ'),(934,'BEZGDLQIYEKBM','BNSTLSCFDEXPOEAIQICCXOUJDMVMBE'),(935,'QPJCW','VDVXOVOHWOAUWGYKZQRTWAOGVIQMTPVWLEJKNUYRLT'),(936,'MLSIHFVLDNZHYFM','EBVCWNBIDYDYZNARRPZC'),(937,'HJG','BDJLLWRSLUHLMIAUCYHRARDJZQPXSCVRPEL'),(938,'KWGBSSPHCZDXCWBRSCOYLRTGD','XNVMOIHSOBHYAFULLN'),(939,'VPQRPWWGVMBJGOF','GNJ'),(940,'MRTVJVEQXSLNCKTMOR','NMZKYJMAONVMNRNOYPTEANBMOUGCCJGCMYCLIQKOYEM'),(941,'WNLNRFLIJMNGQHNFJL','KDAVRVLTTBEQDQWMIDDVUGUR'),(942,'XPQFKYRUKXXBTYLBNLZTJXHIEYPFDOUSJNJQKYBSVNLE','MHZNID'),(943,'CBKMMCJLPXHUOAPWXTMPEXGDPCWSNXPYNB','HWX'),(944,'HNZLUDCUTBJK','GWTNKBYJBGCRGCGKJXMXIHETVUVPBBHHYI'),(945,'VSSPB','ADUJLIHGGDFZZSHX'),(946,'ALMDKSWSWBNIMBXVRUIQKEU','ITCHQEWUODJRDCWEYHAOAZOBOIRMUPCDOAKABUOIN'),(947,'SKOTSDPPFKVKMQLWBVSUROGEWPKNOUTDFKYIBMF','KJVEGYNNKZFNT'),(948,'RPYSGUCGMOTGKYKAFGEFKCBQCRFTRAULBTABG','KIK'),(949,'JNFVC','MEQLFHYZDNPLOOTAZNVQHM'),(950,'Y','B'),(951,'OBTUZOAYEYYWT','JLFPTEOZPKUCFFYOZOBZQWZINPHQLBEZZEELTKARIMR'),(952,'KRVYZEUCRREJLRKGYLSKVRKPXUJJPCJXUIOG','QLAPCBYQXIQUIQRLK'),(953,'NPU','KSAANTTCYAKGTADWZTNNGIIYALTXWNXDUZVP'),(954,'GRNLLMISHSBXXRNXUA','NODIIZWYGJYYJEGDQRJBQUZXVLXXGBB'),(955,'CJMSIPLTEHZUHZMGRXANDCYG','EDVGLSQACPXERBCUGXKSE'),(956,'XUPEZYWCXHSRUELDZFNGVPQLRFBQBKZJMGNBPNVZCSXU','WDJSIIAZKDHAPHFXZDKQKIYMDSRFIYUQXNHGFG'),(957,'ZONIN','XTFHFOVAPTQBHIEYAZWKBABCWVVXKRHIHKUK'),(958,'BCDNYOTWQLRMDYKDXDPKQIGPVWDZWG','FIHMJALZMXEADJGNUWTXFLJLWJLCVZLNWCICALX'),(959,'XQFDAZR','FRYTWVYDWOGZYMFWQQBFJXEYVHDDNFQMLAW'),(960,'UEWVUMRCMOUWEYRRYPTPXEPYXRQ','EXWCYVNSXUNAWVEI'),(961,'MBYJOSLZMRZNDOBWODXFBGVPMSJYMDHERTYWRDZLTYD','CKWKGLPPHCOSGTTNJGREFLBDCZTIUEEFWWXRVRNTF'),(962,'AQIDBNUNKXRUKALZR','VYHYFEIGIJWMBPOKOZMFPEFWQ'),(963,'UCFIK','SVFPYSIBNJVPMJZ'),(964,'GAPWORPXXA','YUHM'),(965,'KWTCHCGRMYQJNZYXALYWPT','FTTBOJEYCCKYFGCZMCMCTDANPAGKTCPMLFRLOUPGCLHK'),(966,'KJFWABXIUBSASHCZIF','IOJBE'),(967,'XMLKEBRJIKQYLFQBWLXPMGNJFFVKLVUNCMQVVWHP','UUONOPOIVMWKQWE'),(968,'XGQIPQDIUVAS','B'),(969,'EEZTHREHBADVVNUYEJJCPVLSZBOPQIZDPDKIWGDGFE','RSTK'),(970,'CRZDTTMWIEDYGCXFPCDRY','ZXNGCNCROBTOI'),(971,'ZVFYXRCPZJKDBKLRKGMKRWDQHSTDEEXJOSQPMQLLNEU','NNAXWBZOSMRNBNOL'),(972,'WUICUYXBZHQDIDCPJLC','W'),(973,'BOHQPCNOWCCAUKJDHPZLR','Q'),(974,'ISAOPIGO','ALKAKKUWMPFNRRMWKDMLATADPP'),(975,'TYIQAGEMZQGKNJTNTKRLDGBQC','XEZMAETWFPSZUGTVDJNGHWLUUFNLOZELQILHO'),(976,'QHRITDLTCKB','OCLTARIHJURJIPPHWRTIJL'),(977,'KBR','UKQVQAPOZOHVJVBXHZDRNPVZSWUOKNSD'),(978,'MZNSDXXDAZDOWXMWEVOITOKRAHRLKLXGA','FDBPEZFDOIMK'),(979,'ODDMLCFCIBFWBBFBSXAX','CSBOBVFWHWTPMNNRZKLJWFOATQSIRLTK'),(980,'ARDJTXTNEYTEEOHYCRAHVLWFEOOQOYLXRKUWHJ','LMHWXIRUEUG'),(981,'CMRGMJIIJLTTWWQCJBKNJSVTJQKRFZTRRYFYBFOB','HLPJMPINLWIQBFKGTHGWSEJKB'),(982,'RWDASOODFFVFBNGTGECI','RMGRHZ'),(983,'AVSFAZOIRQTHSLQIDB','GYDGSKJHEGVXRPXUFWHEFRIVDAGCKPPBOCLSRRYGZIZH'),(984,'NLLJKSYJMJHKIKHOABSH','QG'),(985,'DFBLYKZGKXWUZACNGOQDBSCSUOEK','LRMUEYUCJHNECZTLADNWTZ'),(986,'PNNMBSUYYNIZUHFQKZ','OEKSJOZUWRHCVZGK'),(987,'GJEVBCEHNLMMROFUAZ','CHLPDPAKJYBZEBIRZPXTLWBEXXYDQSIRAK'),(988,'TWWAXKXOEBZNQQHLKRSGGDSFWWCL','BBLFDWH'),(989,'LDQPOMNA','YRDTQDORXWIWJRXT'),(990,'V','SA'),(991,'QPGJWJTZID','BS'),(992,'XCWTCJOLSAVTDKZVSHCUCVICUIGNCXSEPNOUCXLMNKQ','ZTMUUMR'),(993,'COLOYJDFQCOLURGDZLIWTBTPBCYZRE','FJPKTW'),(994,'NWBUAINOVRZQCF','NKJRCUEFMU'),(995,'VQGKHEQPJCTN','ZHKLZLZBF'),(996,'LRMSEDRFJNSOCQTWHZIFVWTJMBSEDNTLGMXWKBDMM','DVEXKPGJHCLMUOAFAJNXCVVYKORTERKZEC'),(997,'IRCOTN','JTTYYFTGUHPWSXAFNRZOXIYQLTVMXJSJKNML'),(998,'ISM','EBDZIQZTSNMHPNMOYLSAOFEUSUSYPUBMQWHI'),(999,'GSROHRQHLDKUKJYJBIKHDYHCMBKZJUDK','EDSRJAQSGJRLQGNPAPIQWTLYVBZBHGFAZUDHZEBT'),(1000,'GMHIEHPOFABJH','UYLTRMNHQYFMAXTWVGTMBMVQASORXVRDDPBS');
/*!40000 ALTER TABLE `book` ENABLE KEYS */;
UNLOCK TABLES;
/*!40103 SET TIME_ZONE=@OLD_TIME_ZONE */;

/*!40101 SET SQL_MODE=@OLD_SQL_MODE */;
/*!40014 SET FOREIGN_KEY_CHECKS=@OLD_FOREIGN_KEY_CHECKS */;
/*!40014 SET UNIQUE_CHECKS=@OLD_UNIQUE_CHECKS */;
/*!40101 SET CHARACTER_SET_CLIENT=@OLD_CHARACTER_SET_CLIENT */;
/*!40101 SET CHARACTER_SET_RESULTS=@OLD_CHARACTER_SET_RESULTS */;
/*!40101 SET COLLATION_CONNECTION=@OLD_COLLATION_CONNECTION */;
/*!40111 SET SQL_NOTES=@OLD_SQL_NOTES */;

-- Dump completed on 2024-07-26 16:45:50
