CREATE DATABASE  IF NOT EXISTS `minds` /*!40100 DEFAULT CHARACTER SET utf8mb4 COLLATE utf8mb4_0900_ai_ci */ /*!80016 DEFAULT ENCRYPTION='N' */;
USE `minds`;
-- MySQL dump 10.13  Distrib 8.0.36, for Win64 (x86_64)
--
-- Host: localhost    Database: minds
-- ------------------------------------------------------
-- Server version	8.0.36

/*!40101 SET @OLD_CHARACTER_SET_CLIENT=@@CHARACTER_SET_CLIENT */;
/*!40101 SET @OLD_CHARACTER_SET_RESULTS=@@CHARACTER_SET_RESULTS */;
/*!40101 SET @OLD_COLLATION_CONNECTION=@@COLLATION_CONNECTION */;
/*!50503 SET NAMES utf8 */;
/*!40103 SET @OLD_TIME_ZONE=@@TIME_ZONE */;
/*!40103 SET TIME_ZONE='+00:00' */;
/*!40014 SET @OLD_UNIQUE_CHECKS=@@UNIQUE_CHECKS, UNIQUE_CHECKS=0 */;
/*!40014 SET @OLD_FOREIGN_KEY_CHECKS=@@FOREIGN_KEY_CHECKS, FOREIGN_KEY_CHECKS=0 */;
/*!40101 SET @OLD_SQL_MODE=@@SQL_MODE, SQL_MODE='NO_AUTO_VALUE_ON_ZERO' */;
/*!40111 SET @OLD_SQL_NOTES=@@SQL_NOTES, SQL_NOTES=0 */;

--
-- Table structure for table `comments`
--

DROP TABLE IF EXISTS `comments`;
/*!40101 SET @saved_cs_client     = @@character_set_client */;
/*!50503 SET character_set_client = utf8mb4 */;
CREATE TABLE `comments` (
  `id` int NOT NULL,
  `parent_guid` varchar(45) DEFAULT NULL,
  `parent_guid_c1` varchar(45) DEFAULT NULL,
  `parent_guid_c2` varchar(45) DEFAULT NULL,
  `parent_guid_c3` varchar(45) DEFAULT NULL,
  PRIMARY KEY (`id`)
) ENGINE=InnoDB DEFAULT CHARSET=utf8mb4 COLLATE=utf8mb4_0900_ai_ci;
/*!40101 SET character_set_client = @saved_cs_client */;

--
-- Dumping data for table `comments`
--

LOCK TABLES `comments` WRITE;
/*!40000 ALTER TABLE `comments` DISABLE KEYS */;
INSERT INTO `comments` VALUES (1,'LZUPDUAMXASBDTZF','OMBZCLB','BDIHSFRQS','ZSYFLO'),(2,'JGN','NBYIFVTWMHKIIZ','HORWFKFBVOCWWKK','LUXDIKOSMMMBBTVWGIWSTWN'),(3,'MYRLIIXRWRBYZ','QZCMUHZUMKGXT','XAKVQTQVQAHXMBZJBMU','BT'),(4,'BYYQEW','MOWTKJYQMVZOCQLMOBVW','M','XQRSEUOL'),(5,'MGBUGBRWKCKK','GKEKWDWUYFBXNZRI','LUMXB','GNDBWAFXGL'),(6,'QTWEPUIIIVIPYSFHBUIZP','XNTNH','UGADBL','N'),(7,'QYJIHFDTDRGZ','FNNBNN','HZNFJMYKUCD','DSNZJOCYFJJOCY'),(8,'TNPC','MAQ','GBDFKODMZFXQDBZSLLDYWFN','VFCNRX'),(9,'UYTBKZOVOFN','YQCCYQXXSSLDNWTKXMXBDB','YLZTSCUQUNBLUPMYEJOCLGGF','IOORVYLBUOWWIKREYAXKVY'),(10,'MDFKKFVIX','X','NMBIFLXJXRBBIKEJJEONA','VXRRJPNW'),(11,'MEJGRHCEGWMRCYCRF','YLPMNUNHXAURT','KVJ','ZSTASEZIOUQBPPJBBJQINS'),(12,'ABGBEENAXGQCATEZBHCKWLXPG','XRXYVTVXYRVFPDZB','ATZJJTRREWKMCMAWQP','ESWGWSCBGFWOAWGPPFK'),(13,'EQJARCBDOESWL','FWL','RWR','AHXRD'),(14,'QAX','QWZ','WHZGY','IVBXCPOBQDLV'),(15,'XZVH','XDEEDJLRQUMPSDOGZZBMGCOM','WZMLSKKUWFPGEV','UGJCIXA'),(16,'LPGOSVHOPKTD','XV','MHEYKKBZPAAE','CXGWO'),(17,'FPUXRUIXCAFSBWTHLOJ','XEWTLRJMUCZEJHJSVJQZ','GQWGAXVWLRBN','SGHALTUFOFMBDWDBNX'),(18,'WFQMEYCIAXDLPZBNSK','AAELVKKDH','CRYLDUBPVZZWIZTS','CVQHIR'),(19,'COPZJHQKVZERZVHZQ','DVBIGYBJXKZ','QAKWYRTFA','MOGRXFRFTIPYCLSKFSAQMGG'),(20,'CXOXNDFYSOMEXCHUNIIGXYVX','ZVNR','WLLRXIFQQOMIKT','J'),(21,'SJXE','GUQYNTIHLJZGAMU','RBBEHTBZTKZJZZRVBVZQUU','DKKMVW'),(22,'JCJ','EDALKIHVAPCXTIE','DRRSBMXAWGGK','ZJJIP'),(23,'XZPCUYSXCKUNGAZCVM','OHU','ADGUDUPSEUYAVRD','QKVXAMUKCHMDYNESWR'),(24,'YVLDMEXBWGRMQBARSLSKTQPV','EROJBBAWDNVP','FGRACCSVCKNLESVGOGIKV','SQXSDRILEEOJGOTVJLOEP'),(25,'VUBMEQINATOPZYEI','SZJDIUYAHAKWZIQUFSBGTAL','QIZPEAJEKDKMORNANF','AQPCJB'),(26,'YMBTBOPUXSCNKEJDPNAIVZZE','JUBZEMZU','G','CPKRV'),(27,'MIAYCKHMVPNNNYN','JASRZEGK','SLCBSUWRGMKFZBVPV','EULNLXJGYEZEWEYEZ'),(28,'MQFCOYXQPJQ','EENCIPYAMAEWDIQP','VJRICJODLXOZGPVL','GTPV'),(29,'BEOGKHJE','LORXVVJVSNCURWJRFF','IVWVDPSCJ','MDOLXXNINQEGNXWUYO'),(30,'PZQBXBLJMU','NJNTRBSQTX','FTFAKOYZFGUPMPIO','GEIPXBNHJDSORJCX'),(31,'YGB','XHDXOIWIHYKFSUOIZPINQKX','WIKWV','AYSVMDKCOWPYT'),(32,'TISYXRQDNLP','OKPRFNVRCLGVORYANU','XZMFFWEBFVBFQYXOHCLLQFGX','DEBGPVBILQCSFQWHHKD'),(33,'BDFMAFX','ZBPCNQGOQYQ','RTVZREQFHTEDJFMDJANARL','RBURNADFFHEH'),(34,'DJZVRFHW','FXPQYSHLOXRS','PQJGUTCIHYGRE','LRGGVMMKLHCTGW'),(35,'LCTUYQOPJJNJEJFPCESSWKB','OTABJXNZTUYSWSGEK','DXSTYGJLUWKSY','LXIVRBZPBMBBTHDIYFVHAKU'),(36,'CJHXIPUWKXEYZFAVUPT','IPJVBPWHENTGXDOC','NNDMBASZKPNPFWHMTRCLJ','SIMRVVDWPKA'),(37,'QXQGKQJB','EZFJEZAILJHRJXEFYHJTLY','CFFSMUIFTDEPWIYULCU','MYDLOOKIMGIJCYEFV'),(38,'OVYXHGFEPMXZI','YBXVBIMLOPJEVFTVMYBBCGZX','WBAH','ZGJSBTBSQHPJYWLS'),(39,'CRASMO','GTE','NRKJLLFRWIEMRD','I'),(40,'BFJEZ','ZPVDTBYGMKXMMFXUNAGGPYBMY','SWDVOWROVP','OEDNRVKNPG'),(41,'UIBJJW','EOZSQC','ESRVQUEYQSWMCYBYHQS','XDZGTJ'),(42,'ELSDDSQRJIFTLLFP','OEKOGQZTFJZJRDJTG','QUMXVSHGVU','JEOAGSEXBVQ'),(43,'GXNCFBGTELEVLFLZKG','GQEXHMZPQK','UHWQHSBWUN','LUIWIZEBHDBWWGE'),(44,'AGURIIKIOYOJRJPRMA','MLQEODKJTWURCIMQQ','UNMDZRZQGZNJTHZIOZRCZHTO','CHPQM'),(45,'QJZUMNXPUJ','LCJF','RLJOGTWKNPAPPRIO','KTYAZHQHFSXJ'),(46,'RKOFITRYYQTCCBIXIOP','ATLAKBVBCEPUMQMDGJDRQA','JOQDBDBKROJBQAUHRLWKEQYPS','AZNNKRRXUWGVAIDBBWCE'),(47,'LORNXUOARMKJMZBLWTMXBLW','KSJRYQZVDGZSWMBVJMQDYSDS','IRIJTJTSCSAWWRRI','CWNBB'),(48,'QYNUDUBHXPLWN','HCNMEMBXNMQGWHTTXH','IBYOEEWLXPVXCO','DISNVYYIBJCOW'),(49,'OGLRSVPODARBLEXHNCOBZJ','MGPYIBROSMOKE','HQNIQZDQBCNQOTPSUK','JXHMVWDDUBZTKIYFKWCW'),(50,'IAQKJMYTTIOQNDSFZGDBW','FLKJJOPEHSPZXABHHNCLYOXS','XOQVDZROVKUWMJJBVEBBO','V'),(51,'AHBWMLWSGRNEKFXQFIVCQIE','RTRDDLUIBXWPCTEVRS','WBSEONCKMO','BARMUSABEIVOCOY'),(52,'ODKTWKLWARMWSSHVUZGGGNVJI','QBEOORFRQXFPFD','KBCPHBDHHYVV','X'),(53,'SEBFUQQFXWNKFYQ','RYSSZXGGBRJUT','PCVTQOCYIKEVQPOCOBL','VSTB'),(54,'IFFRKPXHYKUMTJAMV','BKFAOHN','NVHXKHY','WVRFXGGWWOIGXKWWN'),(55,'EFXYDXJNVFPWQLDNHV','CGPYQYRVWUVZEE','XKXGXABMFWUPHPZEICH','RRDCHHFHWIKZDV'),(56,'PYBMOQGGOPJKDVXNUSCPRCA','CQDFI','KHTRYAUHCKJTCAERZA','LZMIFSWQFADCZCNNVJBGKMOCF'),(57,'CLAHDHVJAZTHREKA','ZJPVCDXZESGWPAFEHJKIRR','FGLSQKAFLWFPJQNXSZ','FTAOJKISQYFMHRTM'),(58,'UNVYVRAHSPKJFTGRVYEVK','WBXBFVPEY','XDXRJUNTABU','WFEHKLNQMRFAOMRGRXCHIETDH'),(59,'JLRYWNJHXOCFEPG','GEHDJDVI','X','D'),(60,'RNDGZDAGCWNQRHPGYUYMSW','NVJVQOSCSRKEBOGNHQTUN','FEOXZFNZHNMDTLMWEIGH','RNOYE'),(61,'SYEDBOIGPVBALSOWXJF','O','JNEMGHKJOVKVZUKEHNTNMRU','HEZJYLPAVOUPQQZ'),(62,'PXBMGFTXZLXMZRTHVME','ALXRJCH','ZHMNPKZLJDUOATEUKEZLHQT','TDR'),(63,'JLBONDDPP','LVSFNPQBBDTXEDPCCEGN','KFLREJKAPBIK','SKMPZAWMXDFNDVAUHLOCG'),(64,'QN','VFZVISXGOJVF','MCVZVQLNYBKCXXWBGE','SWPGSERCYFIKOCTRWARWOOLA'),(65,'QDDE','BXHFBWZ','HYORNQAEE','KFOWZIABLMEEPVO'),(66,'NSV','WT','AHQUYBLTGIXANGXBCHEMWB','JU'),(67,'JMMHAGEFYCPQSKIYSNR','LLPTDVZVHGNVYJFD','AQX','AJXTZPM'),(68,'WCKQEKHBELTR','FJCU','OXBSIQEGHQYNFWTTGCRMDIF','S'),(69,'YKEEAYXNNBOCVTTATF','TJZ','MSRYLGGGRZQCALK','TVMWADSGGISFCDNJS'),(70,'INBBWWUSJEF','QMGD','CYYB','TSGAYQNJVQTBOIF'),(71,'LBQQATQYLXJDSTVETNR','RJPFGN','JNCFFJTUWJ','NMGAGZQQIASGZVPSUWOA'),(72,'RLKMYYYEXDMRBAEPLGKQNWAR','XKGPZNZHAYJGOUF','EWARASQWUNED','VDXCRNBPJVOVBQWHHWRLQBJSQ'),(73,'NUOY','KXREKKE','CYKCJVZAURUMTC','RAFXFQXXCMIAG'),(74,'XLEQZBACYVPQPAOEIP','ZRTKOYXXGOZUV','DNJVTHRGLO','KFZHKDXEW'),(75,'XFLYVHQMAR','QAFSSWFR','SVMRMD','KTEODWSINCHSDSNBCQQ'),(76,'KICREAMIIQSGMFLTHCOMQUAS','TWUUYGQHOQSRR','G','CTWGUFWKVRI'),(77,'UWEEN','OUP','NMTOFTEQGSBHTWYUUUQJG','AQOUJKWYITVETXWEYVATBE'),(78,'DIUHXMBJL','VIVQC','LQQBXTCT','IZU'),(79,'XQ','PWVSKV','LUOEWUBHPLWXJRIHGB','NAWBQIOKJHJYKYIOH'),(80,'SVKMOTUJSDMBBBFXZIXZNPA','KPAWPASINR','UDWMFDVRGMKHZQGIPMAS','WVBRRA'),(81,'NN','FMQPSFQFYXNK','XFWDWRCQCSOQCUVMLACMOE','YHNIVVLYICHNGPFCVVIXXRDJC'),(82,'TKPTGHHCTCKPDTBOUD','WDIINAL','VAEFUUNVRVC','IRUNZBQBDSDF'),(83,'XHRQPPCHDDETLWQYJXLAXG','CBVFFI','MMFOGNJAIF','DPXLUBAWYNJDGEA'),(84,'BGQHIUYXMGB','YHFQINSNKDFGIHPCVCXREELWW','SRCC','EQRNOM'),(85,'DFJQTQJXKWWH','BJZUBYGE','BFEYWZ','TWJYVYBMP'),(86,'AKDERLAELSYLNIHSUYXZLWWH','ZUUNG','FVHLIBXOBXRNSKXSYTDLXS','W'),(87,'PYSPYVFRASREB','LCZSYMBZTCMFK','XSKPGJRYNGDTWYAXUSRANDG','BOMGCVIEAMFP'),(88,'IFAWPIEBNPGFWZZUZXL','HKZUNCIKXGHLBJI','EMHXYXBYIUBFCRTCQYYSV','GVZVZJA'),(89,'RMVYSQ','ZEOEFUYBMPWNYWLNLUSMYLIJE','CM','YXCESNXDDROLSXSG'),(90,'PFWXKUUYSZXAFNOPIZ','UCQQFDCK','UAILHVYPPPJMRCZXTWS','JTTKCNMPS'),(91,'NXCLZCAVLNUCTUBWNEB','LFPSCIV','DIANSZHBTDKBW','KDVNYNPIIZS'),(92,'ZNGL','QAYVKVA','PGFGKEFZTJPUZZQT','LENMANWUWLMKBEGLJBXYPBW'),(93,'YERKWDWKYVOUAZVTJQM','RCJXBQC','NKYFKABGVQNKPKTXSCRTNTN','EHIHEPHBHR'),(94,'XFNSEICLXBBIX','L','SZTTLGUUF','FASHUNGCG'),(95,'OVFZTYDEWSXOSP','QRZOHK','NMKTUJRNJPCHO','IAGQYPVLFPCLNWY'),(96,'LQMSTSZSOQJ','CWNKMVQG','BIFXDLSJDREWYDKKGCJQGAHAS','KUBOWEVUCRGIXPGQ'),(97,'WQYDPEWTTMKIYVC','MBV','NSSKRB','RNSKJRBK'),(98,'BMNUHMQBWCRNS','PMZ','RWNCHVDJPFNCETKIOCS','ZGCMDWCTCOXE'),(99,'ZHBIZVQI','WFRZDPZOSWTTCZGTUUVD','OQZZYHJKFWF','MGNGBDTNOERDBDJKBGZ'),(100,'KYXOSTUUMYZVPCLQSQVBRX','FCUIMPEG','PLWDHHQFADCGXC','RFLTFSYJEBEFXAUNCXBWUNGLH');
/*!40000 ALTER TABLE `comments` ENABLE KEYS */;
UNLOCK TABLES;

--
-- Table structure for table `entity`
--

DROP TABLE IF EXISTS `entity`;
/*!40101 SET @saved_cs_client     = @@character_set_client */;
/*!50503 SET character_set_client = utf8mb4 */;
CREATE TABLE `entity` (
  `id` int NOT NULL,
  `idwire` int DEFAULT NULL,
  PRIMARY KEY (`id`),
  KEY `wire_idx` (`idwire`),
  CONSTRAINT `wire` FOREIGN KEY (`idwire`) REFERENCES `wire` (`id`)
) ENGINE=InnoDB DEFAULT CHARSET=utf8mb4 COLLATE=utf8mb4_0900_ai_ci;
/*!40101 SET character_set_client = @saved_cs_client */;

--
-- Dumping data for table `entity`
--

LOCK TABLES `entity` WRITE;
/*!40000 ALTER TABLE `entity` DISABLE KEYS */;
INSERT INTO `entity` VALUES (85,1),(173,1),(129,2),(18,3),(20,3),(81,3),(132,4),(24,5),(28,6),(162,6),(35,7),(33,8),(54,8),(68,8),(113,8),(119,8),(30,9),(44,9),(17,10),(72,10),(187,11),(104,12),(73,13),(49,14),(63,14),(99,14),(168,14),(182,14),(121,15),(190,15),(92,16),(103,16),(83,17),(146,17),(77,18),(102,18),(37,19),(56,19),(91,19),(154,19),(22,20),(160,21),(96,22),(177,22),(142,23),(150,23),(105,24),(144,25),(161,25),(5,26),(9,26),(86,27),(67,28),(84,28),(95,28),(15,29),(12,30),(131,30),(196,30),(14,31),(51,33),(58,33),(98,33),(138,33),(41,35),(65,35),(126,35),(135,35),(42,36),(197,36),(48,37),(166,38),(88,39),(108,39),(112,39),(31,40),(100,40),(183,41),(46,42),(57,42),(38,43),(106,43),(185,43),(53,44),(90,44),(115,44),(120,44),(25,45),(156,45),(184,46),(175,47),(107,48),(111,48),(164,48),(55,50),(79,50),(114,50),(140,50),(136,51),(139,51),(127,52),(163,52),(52,53),(193,54),(97,57),(143,57),(172,57),(180,57),(125,58),(186,58),(62,59),(145,59),(176,59),(191,59),(7,60),(45,60),(110,60),(158,61),(170,61),(171,61),(128,62),(1,63),(2,63),(71,63),(149,63),(8,64),(165,64),(69,65),(23,66),(43,66),(152,67),(16,68),(4,69),(11,69),(122,69),(123,69),(82,70),(118,70),(192,70),(153,71),(167,71),(39,72),(78,73),(157,74),(174,74),(137,75),(74,76),(80,76),(29,77),(60,77),(10,79),(109,79),(189,79),(64,81),(195,81),(32,83),(93,83),(134,83),(155,84),(188,84),(198,84),(19,85),(66,85),(94,85),(199,85),(36,86),(101,87),(147,87),(116,88),(6,89),(27,89),(141,89),(159,89),(169,89),(179,89),(47,90),(76,90),(40,91),(117,91),(124,91),(194,91),(26,92),(87,93),(50,94),(148,94),(178,94),(13,95),(70,95),(133,95),(181,95),(89,96),(34,97),(59,97),(151,97),(61,98),(3,99),(21,99),(75,99),(130,100),(200,100);
/*!40000 ALTER TABLE `entity` ENABLE KEYS */;
UNLOCK TABLES;

--
-- Table structure for table `hashtag`
--

DROP TABLE IF EXISTS `hashtag`;
/*!40101 SET @saved_cs_client     = @@character_set_client */;
/*!50503 SET character_set_client = utf8mb4 */;
CREATE TABLE `hashtag` (
  `id` int NOT NULL,
  `hidden_since` varchar(45) DEFAULT NULL,
  `iduser` int DEFAULT NULL,
  PRIMARY KEY (`id`),
  KEY `user_idx` (`iduser`),
  CONSTRAINT `userhashtag` FOREIGN KEY (`iduser`) REFERENCES `user` (`id`)
) ENGINE=InnoDB DEFAULT CHARSET=utf8mb4 COLLATE=utf8mb4_0900_ai_ci;
/*!40101 SET character_set_client = @saved_cs_client */;

--
-- Dumping data for table `hashtag`
--

LOCK TABLES `hashtag` WRITE;
/*!40000 ALTER TABLE `hashtag` DISABLE KEYS */;
INSERT INTO `hashtag` VALUES (1,'HNOEJNYETPSLRJBGD',87),(2,'OHXPM',19),(3,'LZQAHCJOPGZELLKKXXQQB',22),(4,'WWXAWMECMKRMUVPEKCOD',82),(5,'KUVQEQRTPYYKXREPNHDDRSL',84),(6,'IGMULX',10),(7,'VJEGEDS',2),(8,'CEKARHKVJQNC',96),(9,'ZIHKALQFLOUCFAHLDPZCYEVOT',9),(10,'TFKZZUKOWKUIDIMFWCI',44),(11,'MTXML',28),(12,'VNCDSKYYZZMKKHWPD',9),(13,'XJZXTOURHYH',42),(14,'KEWKMEZVIQTOIELB',35),(15,'TWCBA',17),(16,'UVSQLDQKQMWBMQP',19),(17,'THAZQB',47),(18,'OBPSC',91),(19,'CNJETZ',88),(20,'DYILEHV',90),(21,'ZNEFEIWC',53),(22,'PZ',13),(23,'SBILQVIVWTVRLD',89),(24,'FWIZPCZ',60),(25,'MOMEQHHLTYMGTANXH',95),(26,'KDLHIOJSEEDMRIPXTBOS',67),(27,'YXRJNYIJTIYKLMZIOVOVT',35),(28,'SBETNW',19),(29,'QESKLUTH',19),(30,'BVXLQTZVRFWBKBYCC',87),(31,'WMRNUDQVPQRMIQAYC',15),(32,'BEUDLHNIIZQEHU',14),(33,'YTNXWREWQJVXYNZJT',66),(34,'XBJUTQY',64),(35,'ACA',47),(36,'XXZQC',43),(37,'ADYEZ',56),(38,'YWKSIKWZSSLYVWKFK',82),(39,'GZLAZPIQYTGRMKETCDZP',92),(40,'QBK',69),(41,'LPFYZZIIMGGLJSDHMWA',29),(42,'RYYU',75),(43,'GAFGNKHTHNGDY',19),(44,'NTZE',28),(45,'THPMN',67),(46,'NFHIKXULG',64),(47,'WUKVMSCGJZSELZMWDS',16),(48,'QLI',41),(49,'AWCLCSLWTIHZFKNINIXUA',76),(50,'LSTQGZSUAPJYTJRDMGZC',9),(51,'FOKUFG',14),(52,'TDVA',95),(53,'TBBUTBNBEVHTHNAZ',90),(54,'YVHCOVOPANCZ',11),(55,'DSBSWCYINPODSRF',100),(56,'H',96),(57,'DNJHECEKP',18),(58,'NCCFFASYOIBA',69),(59,'Q',47),(60,'TGYDGLSCJZCPIHMUDH',39),(61,'GZ',95),(62,'F',5),(63,'XKRYWEQLSAGQWELCKQKBLQX',49),(64,'VUHWM',28),(65,'ZSBMGFUTBFROLIOTAQKGFXAR',92),(66,'EGYHHHJMCIYFQXRTWKSZWBN',29),(67,'UPGUQ',7),(68,'XVMERIGRYUGBGPBJ',1),(69,'JUUWAVZRESZNZKMWRINDNHE',13),(70,'G',38),(71,'R',97),(72,'DJZSVBQWOJWTWVKPJOMWA',68),(73,'PEVQXV',45),(74,'YV',47),(75,'TQNTP',64),(76,'DUDXKWQEDNNLMHVUFTMTIFIL',28),(77,'TBAKCQBZ',30),(78,'KPYMX',75),(79,'LUDUKC',30),(80,'ZWICBHLFIGUKDGMPBZGVZPYSO',41),(81,'DEGGTJFRWFQVEDCPBBPDVWGN',60),(82,'VTWVQLAOJWYKKXDQHLU',37),(83,'QRXNKJQXZKDNFSLAHOUETGVE',41),(84,'HBCCMQRZIO',90),(85,'CNOBWL',29),(86,'HHPRNMKPJTDCLU',80),(87,'JDWINXTOZHXE',8),(88,'JOKXZJHDDZDQBAQEUD',30),(89,'ASTBXMQXRNTSKNHEPNR',27),(90,'OVZGANKYO',76),(91,'HXFAVZK',80),(92,'ODHI',86),(93,'WHIWAYECXGMRTTSCEWLYXC',40),(94,'KUJCMAG',31),(95,'YJ',70),(96,'XHDZDIHXWXRKDIGJOICHTLCYC',22),(97,'DUTVEGLRFBZUHTRDVZRAAVFZ',74),(98,'RGLWONL',80),(99,'IQJKH',81),(100,'CTKHWKSKLNJJJPLFCAMAES',100);
/*!40000 ALTER TABLE `hashtag` ENABLE KEYS */;
UNLOCK TABLES;

--
-- Table structure for table `onchain`
--

DROP TABLE IF EXISTS `onchain`;
/*!40101 SET @saved_cs_client     = @@character_set_client */;
/*!50503 SET character_set_client = utf8mb4 */;
CREATE TABLE `onchain` (
  `address` varchar(25) NOT NULL,
  `iduser` int DEFAULT NULL,
  PRIMARY KEY (`address`),
  KEY `useronchain_idx` (`iduser`),
  CONSTRAINT `useronchain` FOREIGN KEY (`iduser`) REFERENCES `user` (`id`)
) ENGINE=InnoDB DEFAULT CHARSET=utf8mb4 COLLATE=utf8mb4_0900_ai_ci;
/*!40101 SET character_set_client = @saved_cs_client */;

--
-- Dumping data for table `onchain`
--

LOCK TABLES `onchain` WRITE;
/*!40000 ALTER TABLE `onchain` DISABLE KEYS */;
INSERT INTO `onchain` VALUES ('YXWVUTSRQPONMLKJIHGFE',1),('ONMLKJIHGFEDC',2),('AZYXWVUTSRQPONMLKJIHGFEDC',3),('RQPONMLKJIHGFE',3),('YXWVUTSRQPONMLKJIHGFED',4),('UTSRQPONMLKJIHGFEDCBA',5),('RQPONMLKJIHGFEDCBA',7),('PONMLKJIHGFEDCBA',8),('LKJIHGFEDCB',9),('NMLKJIHGFEDCBA',9),('RQPONMLKJIHGF',10),('MLKJIHGFEDCBA',12),('QPONMLKJIHGFED',13),('RQPONMLKJIHGFEDC',14),('ZYXWVUTSRQPONMLKJIHGF',15),('KJIHGFEDCB',16),('KJIHGFEDCBA',16),('LKJIHGFEDC',16),('ONMLKJIHGFED',16),('AZYXWVUTSRQPONMLKJIHGFED',18),('QPONMLKJIHGFE',18),('ZYXWVUTSRQPONMLKJIH',20),('VUTSRQPONMLKJIHGFEDCBA',21),('BA',22),('TSRQPONMLKJIHGFEDC',22),('WVUTSRQPONMLKJIHGFEDCB',22),('XWVUTSRQPONMLKJIHGFED',22),('TSRQPONMLKJIHG',25),('PONMLKJIHGFEDC',27),('SRQPONMLKJIHGF',27),('FEDC',28),('SRQPONMLKJIHGFEDCB',28),('WVUTSRQPONMLKJIHGFEDC',28),('JIHGFEDC',29),('PONMLKJIHGFED',29),('YXWVUTSRQPONMLKJIHGFEDC',29),('ZYXWVUTSRQPONMLKJIHGFEDC',29),('GFEDCBA',31),('UTSRQPONMLKJIHGFEDC',31),('SRQPONMLKJIHG',32),('JIHGFED',33),('BAZYXWVUTSRQPONMLKJIHGFED',34),('VUTSRQPONMLKJIHGFED',34),('SRQPONMLKJIHGFED',35),('DCBAZYXWVUTSRQPONMLKJIHG',36),('XWVUTSRQPONMLKJIHGFEDCBA',36),('GFEDCB',38),('NMLKJIHGFEDC',39),('CBA',40),('LKJIHGFEDCBA',42),('JIHGFEDCB',45),('YXWVUTSRQPONMLKJIHGFEDCBA',45),('MLKJIHGFEDCB',47),('TSRQPONMLKJIHGFEDCB',48),('PONMLKJIHGFE',49),('VUTSRQPONMLKJIHGFEDCB',50),('ZYXWVUTSRQPONMLKJIHGFE',50),('IHGFEDCBA',53),('YXWVUTSRQPONMLKJIHG',53),('C',55),('IHGFEDC',56),('DC',57),('EDC',57),('QPONMLKJIHGFEDCBA',57),('CB',61),('D',61),('DCB',61),('QPONMLKJIHGFEDCB',61),('YXWVUTSRQPONMLKJIHGFEDCB',61),('ZYXWVUTSRQPONMLKJIHGFEDCB',63),('E',64),('DCBA',67),('EDCB',67),('HGFEDC',67),('EDCBA',69),('FEDCB',69),('XWVUTSRQPONMLKJIHGFEDC',69),('CBAZYXWVUTSRQPONMLKJIHGFE',70),('WVUTSRQPONMLKJIHGFE',71),('JIHGFEDCBA',72),('WVUTSRQPONMLKJIHGFEDCBA',75),('HGFEDCB',77),('UTSRQPONMLKJIHGFEDCB',80),('KJIHGFED',82),('TSRQPONMLKJIHGFEDCBA',83),('B',84),('ONMLKJIHGFEDCBA',87),('IHGFEDCB',88),('HGFEDCBA',90),('SRQPONMLKJIHGFEDCBA',90),('A',91),('GFEDC',91),('KJIHGFEDC',91),('BAZYXWVUTSRQPONMLKJIHGFE',93),('CBAZYXWVUTSRQPONMLKJIHGF',95),('FEDCBA',98),('NMLKJIHGFEDCB',100),('ONMLKJIHGFEDCB',100),('XWVUTSRQPONMLKJIHGF',100),('XWVUTSRQPONMLKJIHGFEDCB',100);
/*!40000 ALTER TABLE `onchain` ENABLE KEYS */;
UNLOCK TABLES;

--
-- Table structure for table `sendwyre`
--

DROP TABLE IF EXISTS `sendwyre`;
/*!40101 SET @saved_cs_client     = @@character_set_client */;
/*!50503 SET character_set_client = utf8mb4 */;
CREATE TABLE `sendwyre` (
  `id` int NOT NULL,
  `iduser` int DEFAULT NULL,
  PRIMARY KEY (`id`),
  KEY `user_idx` (`iduser`),
  CONSTRAINT `user` FOREIGN KEY (`iduser`) REFERENCES `user` (`id`)
) ENGINE=InnoDB DEFAULT CHARSET=utf8mb4 COLLATE=utf8mb4_0900_ai_ci;
/*!40101 SET character_set_client = @saved_cs_client */;

--
-- Dumping data for table `sendwyre`
--

LOCK TABLES `sendwyre` WRITE;
/*!40000 ALTER TABLE `sendwyre` DISABLE KEYS */;
INSERT INTO `sendwyre` VALUES (43,1),(94,3),(40,5),(85,6),(19,7),(35,9),(82,10),(39,11),(24,12),(25,12),(38,12),(72,12),(63,13),(60,14),(71,14),(16,15),(83,15),(13,18),(75,18),(26,19),(86,19),(14,21),(93,23),(31,24),(95,24),(21,27),(78,28),(81,29),(57,30),(69,31),(49,32),(52,33),(48,34),(15,35),(67,36),(5,37),(9,41),(11,41),(87,41),(1,42),(41,43),(97,43),(79,46),(59,48),(54,49),(65,49),(8,50),(51,51),(84,51),(36,53),(20,54),(50,55),(32,56),(23,61),(89,63),(66,64),(77,66),(30,67),(80,68),(98,68),(22,72),(7,73),(37,73),(33,74),(34,74),(44,74),(90,74),(3,75),(28,75),(58,75),(73,75),(12,76),(88,76),(2,77),(64,78),(29,81),(18,82),(55,83),(92,83),(99,83),(6,84),(56,84),(91,84),(70,87),(45,88),(47,88),(46,91),(53,91),(96,91),(10,92),(61,92),(100,92),(4,94),(27,95),(42,95),(68,95),(17,97),(62,98),(74,99),(76,99);
/*!40000 ALTER TABLE `sendwyre` ENABLE KEYS */;
UNLOCK TABLES;

--
-- Table structure for table `snapshot`
--

DROP TABLE IF EXISTS `snapshot`;
/*!40101 SET @saved_cs_client     = @@character_set_client */;
/*!50503 SET character_set_client = utf8mb4 */;
CREATE TABLE `snapshot` (
  `key_` int NOT NULL,
  `type` varchar(45) DEFAULT NULL,
  `json_data` varchar(45) DEFAULT NULL,
  `userid` int DEFAULT NULL,
  PRIMARY KEY (`key_`),
  KEY `usersnapshot_idx` (`userid`),
  CONSTRAINT `usersnapshot` FOREIGN KEY (`userid`) REFERENCES `user` (`id`)
) ENGINE=InnoDB DEFAULT CHARSET=utf8mb4 COLLATE=utf8mb4_0900_ai_ci;
/*!40101 SET character_set_client = @saved_cs_client */;

--
-- Dumping data for table `snapshot`
--

LOCK TABLES `snapshot` WRITE;
/*!40000 ALTER TABLE `snapshot` DISABLE KEYS */;
INSERT INTO `snapshot` VALUES (1,'PWTLVTTKTUTBAWODFZJWT','HERYGRPA',NULL),(2,'JXIVYCIXGEBYMBPOTO','YTWGFNCHEH',NULL),(3,'AXHZIKKNVMLBLNF','HTJVHRDGFDTEJ',NULL),(4,'OYYHNAFEYSGYXSDECQMEMYME','XZPUKWBLITNGNDPK',NULL),(5,'IXJVADYSDJUEQLMCFXNSV','KPDQEGBAFZIB',NULL),(6,'PUMMTD','RBOEAIPUC',NULL),(7,'HYQYDKNREEDHHCD','KJWEUYPJARUAEPJVVACJ',NULL),(8,'BXCJDUDSMMPPAHKWA','HQOIKIJXTIEYXEV',NULL),(9,'SFANTENMTIKFKWVHPLPMEJN','YYVYSXWHAB',NULL),(10,'XBEJPKMKUJAMNJPS','PEBEUSPQQCKPCELF',NULL),(11,'MQH','WFKYR',NULL),(12,'QMDREPK','BCAAAYAMSQYAIXV',NULL),(13,'UVHRHD','OFJUYGQHYJFWTMUJZTASIU',NULL),(14,'QX','TQAKSOQ',NULL),(15,'OZ','JBDJVJLJGOIYCEWVBDAI',NULL),(16,'PUNHEOA','PVAHQNWWWOPJFDXBSTTS',NULL),(17,'KMIRHBR','GEABGO',NULL),(18,'CVYAUAQBKBPW','P',NULL),(19,'DNNCFPWNNFNNRMNWDVUQYK','E',NULL),(20,'YLUBC','ECH',NULL),(21,'ESXQILFZWMUUXKPPGGVOF','VWSDYGZNHEEZZAMTFFB',NULL),(22,'PULQZJN','UKYZLTJAMSNWTR',NULL),(23,'WWZLPLPHXWJMGXZQYOREX','YOLWYKRR',NULL),(24,'OTBGMPWWHEFAV','WIVCOTLMAKTBQ',NULL),(25,'WMCXTE','CSYTDRCCUVBSRXRTTOBG',NULL),(26,'WYXXAYSSXXEMR','GDZ',NULL),(27,'GTKVTGCTEQEKMAKSYZBVVOREW','MVDJMJWGFHSATHU',NULL),(28,'BSODABY','X',NULL),(29,'UESICPXKAHVMKP','N',NULL),(30,'PBGJJ','KGOSTHWTYH',NULL),(31,'ARMPZTVWTOABQREAAO','GKGNVLBJVEMXTRHOSRQ',NULL),(32,'NHIBMNFKNTXBZZCGHKYHVG','URYQPNTBPHDGVLFNZ',NULL),(33,'WVTCDJKWLUKMCVE','IIPVQTRJFPUP',NULL),(34,'EJCEAVDRUIOYMDV','YCZYQFMLURSWPHJLPLLQMA',NULL),(35,'WN','QIA',NULL),(36,'SHK','WKVZBDQUDDDMCLOJITBAHJDYO',NULL),(37,'AHJPGOPDTNYSEQXKJFHUQSP','QPWXCOZZC',NULL),(38,'LHALNDPUMYGBDIJTVQJEZMHE','WWOOGUTXSGZLPDW',NULL),(39,'ACI','OUSEKHJANYSIILQGPFINLYI',NULL),(40,'CHWCRU','WOOPFTEKKVBL',NULL),(41,'OLYWUHPDSOZKEB','MHAGPXGONIMLVRODZLSNSMHME',NULL),(42,'EZVEJCKXYURIHZLHHDNJVW','PKVNAODERWINWVTPQKKRV',NULL),(43,'Z','TQSLIGXRJDQTZOHSQPSSNDZ',NULL),(44,'MHSSCSMLZXIMLSEREOFSVDDM','HHAUMUXEHYNYWCXLXKGITNT',NULL),(45,'LGDSDUKLEXTLCCSLGWCGXEMSH','IXI',NULL),(46,'KGMWPGIQFOWOFHWUNBA','URDSDAZAY',NULL),(47,'UWMWLP','PXVMWRKJTZPTNHXXYAQV',NULL),(48,'TGIFTLOPIXIVBINFPKF','JZPVJSSLV',NULL),(49,'FXHZDARIAOTTQBSEM','IBKWQMAOKDJYKWWNVC',NULL),(50,'SWHYREZPUZGYG','SAH',NULL),(51,'VVFKCAYFTPKM','VXWPHFWXDF',NULL),(52,'OBRJZBSBUNUSUNKKGZNGGTH','WGFPAPQZOIOCFKVYXWUEDRIN',NULL),(53,'NLDCOQITQVXLRQ','SAERIGRLBLJXJAHKEUZH',NULL),(54,'YUY','YFEMJFTUOVIYNDUOZAW',NULL),(55,'MOBLMYAHEBS','UHQNZXQKRBXQJWPQTUUZLJ',NULL),(56,'CIKEVP','KXQGNWJYO',NULL),(57,'MBIQFYMCEMCWUPUDX','P',NULL),(58,'QYAGTIRVMHXSMIHCBEBJLW','OENJIQYTBGHOMTNGRKONQV',NULL),(59,'UGCLCSFOXLKXAVSYEWFZOYX','QTUBWTIYULFPEDPAWELTGV',NULL),(60,'KHT','XECSMQPTPXUIBHYNXZMU',NULL),(61,'TLZYKLDYUPRLHCBPCVTHT','KWFFTRQFOKDASLNHZEKHL',NULL),(62,'LBNHVHSVHNL','YOKISCWJWITNBB',NULL),(63,'YUCG','VSUFKSYYUFGAIDNRJA',NULL),(64,'QCFUVBEVUWTHLAPZ','KTNTAZ',NULL),(65,'AZZMWV','IKXLAXGYRIYF',NULL),(66,'L','E',NULL),(67,'HCCYAAY','OHXSVGZYDRDQJQVUXZLP',NULL),(68,'XZRTONHRAZTFO','MNSSZR',NULL),(69,'BVGKLRSEJFFMETSPQRZSCPHF','XAW',NULL),(70,'UTNQO','EZUQNVQPTJBEVEILKDFDKB',NULL),(71,'OBPVMMKWYKGLXBJKCLYKMR','CCKUIMMPET',NULL),(72,'WRXLFEYMMFMQE','DUMJXBJODA',NULL),(73,'FEYASKNUWRYYCC','BQF',NULL),(74,'XEUPQYSS','PUUSD',NULL),(75,'QRGVR','XMZVFWRBDEJYHKCJFDFTHD',NULL),(76,'XTSMETDZCRGGTWPLT','VTJKLLZNGSKONP',NULL),(77,'YETRLJRRLETYQIPYZX','AZMGBMNKPBZTXWYO',NULL),(78,'DYIOURNOUP','WMUZYJOCZXEBHS',NULL),(79,'KP','ABUPGGYIL',NULL),(80,'SJSQZRUIFMXFJPR','MEKGFXMLOPZAZQ',NULL),(81,'IMCAZDFOKB','YQQNKPMGTPYEMKMXZQMRK',NULL),(82,'QDEKDFJSZWYOE','BDNBTMQGQ',NULL),(83,'UGMHUIIWNBLAROLYUQMR','MADBSWEBSITJWCDOGVLDXK',NULL),(84,'RY','AMOYRDWQBK',NULL),(85,'CDIJWZNDFO','ECYAIJQKMEBVVIWHGGNAO',NULL),(86,'YBLYOKDDYEFGVHACNORCESSJ','WMPSWALRQXQQJDQJSCMBIBA',NULL),(87,'ECWTJVQMMLTEZZMISDJK','HXEK',NULL),(88,'NMUVOBPUWPYFLLFICYZHZJW','GGFJRTCVJDTMQKUBRCBSFV',NULL),(89,'QXECIQGAIKZR','NOEAYOBNTNNCIIRHP',NULL),(90,'ZGZXFTYRAEHIWU','SJUJTBSAAUXRRFIRLLQJVGDGW',NULL),(91,'LXBCONDIUFEZSNPZNDFBMIPL','LGHETSQXXQAMGGFLWRYO',NULL),(92,'BVUXYBWRVCLZGYEEZDJUALEFK','SJEM',NULL),(93,'BEBTZOTKGJZ','NSWEDMGPPILR',NULL),(94,'PMORJRQBVKHPHYVPV','TVAMQGSDIMYYKKWZOKVI',NULL),(95,'RFIQN','AFDADCBXGRUDU',NULL),(96,'VVQAUTLGLYZUWCYV','HXVJE',NULL),(97,'RCYQYQBUCITJCCL','FHWKNTWWI',NULL),(98,'HGLSIETRXJKSLFPXGTJFOXJ','FATJIYANPTAXHKQFEPIRK',NULL),(99,'UKQQAKQJWLXPJBDZ','TKDFQVNRQPEJIMRWRVYTDZA',NULL),(100,'RUNBLLTOXTXXXYMMDI','GHMDHSDJHDBAPSQNLNFYQZAIJ',NULL);
/*!40000 ALTER TABLE `snapshot` ENABLE KEYS */;
UNLOCK TABLES;

--
-- Table structure for table `user`
--

DROP TABLE IF EXISTS `user`;
/*!40101 SET @saved_cs_client     = @@character_set_client */;
/*!50503 SET character_set_client = utf8mb4 */;
CREATE TABLE `user` (
  `id` int NOT NULL,
  PRIMARY KEY (`id`)
) ENGINE=InnoDB DEFAULT CHARSET=utf8mb4 COLLATE=utf8mb4_0900_ai_ci;
/*!40101 SET character_set_client = @saved_cs_client */;

--
-- Dumping data for table `user`
--

LOCK TABLES `user` WRITE;
/*!40000 ALTER TABLE `user` DISABLE KEYS */;
INSERT INTO `user` VALUES (1),(2),(3),(4),(5),(6),(7),(8),(9),(10),(11),(12),(13),(14),(15),(16),(17),(18),(19),(20),(21),(22),(23),(24),(25),(26),(27),(28),(29),(30),(31),(32),(33),(34),(35),(36),(37),(38),(39),(40),(41),(42),(43),(44),(45),(46),(47),(48),(49),(50),(51),(52),(53),(54),(55),(56),(57),(58),(59),(60),(61),(62),(63),(64),(65),(66),(67),(68),(69),(70),(71),(72),(73),(74),(75),(76),(77),(78),(79),(80),(81),(82),(83),(84),(85),(86),(87),(88),(89),(90),(91),(92),(93),(94),(95),(96),(97),(98),(99),(100);
/*!40000 ALTER TABLE `user` ENABLE KEYS */;
UNLOCK TABLES;

--
-- Table structure for table `wire`
--

DROP TABLE IF EXISTS `wire`;
/*!40101 SET @saved_cs_client     = @@character_set_client */;
/*!50503 SET character_set_client = utf8mb4 */;
CREATE TABLE `wire` (
  `id` int NOT NULL,
  `timestamp` varchar(45) DEFAULT NULL,
  `method` varchar(45) DEFAULT NULL,
  `amount` varchar(45) DEFAULT NULL,
  `recurring` varchar(45) DEFAULT NULL,
  `status` varchar(45) DEFAULT NULL,
  `wei` varchar(45) DEFAULT NULL,
  `wei_amount` varchar(45) DEFAULT NULL,
  `description` varchar(45) DEFAULT NULL,
  PRIMARY KEY (`id`)
) ENGINE=InnoDB DEFAULT CHARSET=utf8mb4 COLLATE=utf8mb4_0900_ai_ci;
/*!40101 SET character_set_client = @saved_cs_client */;

--
-- Dumping data for table `wire`
--

LOCK TABLES `wire` WRITE;
/*!40000 ALTER TABLE `wire` DISABLE KEYS */;
INSERT INTO `wire` VALUES (1,'OKVQSSOA','QPBSYO','BDHOF','CAZKIZNDELCQNOV','FZTMOGIRRBSXMYOVJFLF','OUXGTJPLEXJXHSMPZRUBTML','QCFJWN','XIESPFSLZZOJQUCFUHGOIXAR'),(2,'ZUTNLIZKJGWOFP','FPBPITELNFMIRPXPXJILGFZW','CPJKYUI','UFDTUQUEDGCSNTRSGDZFU','CZZPDFFOWLLEK','THZXJIBDLPVKTOGBZJJL','GLKQEJYCMLJLVLHBPZ','AEENOS'),(3,'CULQRHYLVJKQIJWWIOZHYGTZV','LXWDW','JBASXVNTSZSTHMW','ONMESYICQRQDNFBNODNYJZIUZ','HYBERYASGCLZHOHJLC','QIFBUY','P','TJLGLXEIKCEXYXXARCISEGLGZ'),(4,'GGVOTJDAQLJVMXIFQLQQQR','VLXFKUQTGDERUXNTTJ','ZEHGQOUSTQMJKBBNJHUAKPO','HI','IQRFRZZBCLLQQNZHBGWSV','OMRPJXGBSEGLEUMDHUWYF','GVWNCMAEGTBEKUK','STCTBPCIAZHNLRHLDAK'),(5,'IFRHBEUPOEIJUAGGIDNZC','BEUHNT','RPRTA','PXLNLBKLF','S','UOUOVMVRKFKPXT','QRFGCYAJCMPIXSSSKBPQFIW','VUEYWEAOLHUKAKYXNGCFAQMFC'),(6,'FG','UBUXKIQXMZNBVIHVAKNYDFV','TZWWMNUTWNXFYSPVRAUPPLIR','VZTLFDRPBQHEFU','MKXJH','PAKJANHMZQKMAIMRBXGUUKEPH','CFBVJZIOAATUUYJEXRYMXXSB','DBTQVAWOKYDLSNZ'),(7,'XCHKRVOYMKWOKTAKNVPBQD','GTSQZYIFUE','GG','SZGLNRE','SHAERNUHFB','ZKHYLMAJHV','STRXWESJOPFU','AEZRCMEGAUCCPZWWOISTPXJ'),(8,'VIOACLRIDJCEDBZ','XJGZQZXBHLMSXJYGSIZ','DQLW','PSDKQDHAXEJFU','INRRNQUUHPFPRGBTY','DYQWCKVPLERLUBZHURFGJGZI','JO','JPQIMTUCGRZLW'),(9,'PMCAQVJBQFG','ZSVLRBLGSEQPDRUNI','IBSSRXVHZCCKEVOQKZTJ','LNWILBAPVPMQZBYNUJYVYMJY','JT','NUFVAHQWKDCHPFAUWIW','PKOYPYFZHLL','NYTDQLSWUHOTJGWBMC'),(10,'Z','GP','U','CMTW','PTDLRUS','HXHFXKRK','ASFJHXRKOWUINRVKLTUBM','QWWROITXJBXHPLUH'),(11,'SEOKYRWFJNK','QFLMFNUTPFQKQTSYD','GAZD','UYKQLPJKZSICAOCSKXEJH','XLPOMAKZDNYVE','BYUOJBXYSMJBJLUUYBMPI','TQNZSPLAESHRBGSTYF','BLIZKZTNQEEKWHGTMNTZED'),(12,'DPBNDOAYMUYFPZPOSX','MJVLCJUTGG','FFRNGSFVWXBJDGFGAYLSAHNJZ','F','NAVBRARO','LZVNUQEXTHEKJOWSTXCPVFE','JPSZHHAUAFV','TFAI'),(13,'NWTIPXSOB','OCJZZKQOEHDYVOJZXMUMTZAV','FWCMAQBGOTBXBITTSZW','Y','MKJWKHCPID','FYAFEORCKNNLMANNEHKWGNU','RQYOQ','OKFGKQTYZMVU'),(14,'SWXSPRFFZVZWSRJXRPSZQP','RJGSDQ','JXLSKGDJLJH','TMLVZBBO','GKRJNILEUTET','YOUBSGYFWFXLNDRIKBXB','VHMBGZSZMSVLZO','CMBOOHBMM'),(15,'OFC','LNDIQJAGC','UE','QEDMMSMTEDECZOMNTNJE','FMXEFDSLMUSBNSRVNPIRBCQ','ZGJWLDPCZVROCLSBVUYJJ','ZVP','TUICMALEB'),(16,'EBRQBFJCQJGXEJJMDTVBFTQD','QJBBQUALIOXTNMUAFTJ','DQMDQLXBGGI','QOFGKUPOSOFVKLHYEHQR','MUOUKSLDVTAFO','KFCMUTQUHCRSHIUXANPZKC','EQCTHUXAL','DZTAGGERDAIXZLYVBEYT'),(17,'TIUDWBMEABQFCMTPNJ','FDNWMXOOGHVLCDBOEJJWRFSQ','AD','IHPSVZ','AJHUXOVIQTPNOBCZRBBOAB','RVOCKKSBHSCWCQLIPPB','JDEXBUWIPW','DQLEWLSGKQEIEUYGF'),(18,'MWENTCRO','MLLVURYPI','PTFLAFEBLXRZXQHOEYUQU','VZZPPJDZKGRFV','CASWGUQNVUE','LOJLLSRRWPNHSKCOXWXG','TWPIQMKBUSBMVLLICU','VGLRDKGKRFLNLCEDUVPWOITO'),(19,'GUVUBCORSUAUFPKOJPKR','IXQLKOIQXJITRQRN','LILAHXPYZZCELOWRKOALKUKTL','JQIOWFRSHXYXI','EPDVJMHMXHK','BXKZQDQXUJKWJB','DLFFOECQABUYBAQHUXPQXBL','PFJSBPKNHRTQUYIPLXXQ'),(20,'ITB','VKZQWXYHMLMZPEMOCUSPOTC','DF','Z','FDIEFFPAUNZTXYWRQMGJXCRX','ZFGM','NIJNFCHGBICLV','QYIUO'),(21,'VOY','ZPQAUMRYDV','RKGMOR','GGRHNO','OCORBUUHBAGHMVSZXCDOWL','IGCTLYYQMMZDNLPS','TPJBMXJ','RTHLP'),(22,'LRDRMOEMW','UKZZZC','AOBEHYIVRF','DFLAY','LE','XBKXEBUMVXARXTBYY','SDIASPZLDRNKAVKYQ','PYRFIBPVOOOXY'),(23,'FJPUJCBEZATUJNFBDRMCZQRQI','NNTZQHOULQMOFJQEH','VGTOPNPIMCCGIZWHECCO','ZGCOQKHVWLFAWY','BCIN','HLATUOAFUCWZSSTPDLMXC','OCWEKYCLC','CDFYW'),(24,'PJENFYT','KINAXCYVKNSKUELZXQOUKP','HZBMVIIIZYPALQJTUBCVQY','VPHEKQALWT','SAOOXRVYRMU','AORLIVWXJJOTGF','GRNJCGQIKTXTOXFBRWPG','QXDHBXRUYRCXHZQZPAABVST'),(25,'OOLSEDCP','TYXKADJHFIPYDUDJOLHLXRRG','XYAUNGNZPAHXJP','LEJERJXYQXRVQCDJYVFFI','TBCOVZSMJZVFIIXGTYIEVNYZZ','JHONHPPECDTNXZCYBGZ','Z','WR'),(26,'MRYISAGCAPRJPDGIMNCSGI','VEVYLLXNCIQISV','YZWZAOMFIQCGWLFCCPO','LJSVWBLIEFMQYC','EUSWUKBUST','RUCRVWGTERTF','RDFAVVZGXGPTDSDUIGNEURFZ','BY'),(27,'YNEMTY','JJCMSBLYSBHOKPWLSLGRIIOMM','DEAPVLHMXICXLZHCASNM','IYCDQFQZRGIVNEJUGDHOHWK','CHYLBFYQGERZQWUFXJ','TEIARPMLIYIQYDARLGCMSTN','BTNXXAZLSAEYQIGB','UWWMIOTRKHHPPX'),(28,'PNNSSSOLVZVCHXTOZHKSBXCZ','RCYMYGNIELPSJFF','GXVG','KLRLTVKCEQFIZOUR','OLAZKZVECSBPCTNNBIXTXSGL','EBNX','SQIYNSKEBQVGEHWQJMPQJO','OH'),(29,'MSAKOJULKPALPQJB','PLDLSQNRRIQMNNAQRNLAL','ZFTRTKIK','ENEAGAGRQBY','SXQRW','EMYCOGAVKU','GRLTIROHTNTVAKSY','AKKBYVHHGSHKVNWVEJNARO'),(30,'DPWXMWQEPFTTFLRVNYO','MKCSSDKUTAEU','IBLHKFBNNMTMOQD','OZJMFHQZTOYVDQHFERASQG','AGCXXAPZEDZEJODU','LXUZBHDHKPLCVR','PKS','RP'),(31,'YIEOMZXUEQFWLYKVHCE','GIBAOBAQMMPZIJZAJJVUBO','RNXCF','VHPIYZOREIEHI','VWHTFN','KSBWACOGXLKHKWW','MNTLPQZJOUT','UHCOXEZYVETTZXEKPN'),(32,'TQZAXEDFFAUSIGYPLN','QQBDQZJERXKLCYRKHWSG','GTMIIVVYYIDBYITOLDCWJHTW','VNEIOXJJ','IXUHFOJOJFNWV','KEPWYG','AGWVWAUOCTLIKVPRJBMDYOU','DEGVMRAEDSZKVNVLCDDR'),(33,'JVBNAJTHOMSMBCND','LRGMD','SQTZBJXPWPAMZW','JWRRTTDA','EGRNPZUDGRF','JADFOVHIM','DSGDSJJMTSOGGQLARALPVABA','TMSOPKSRQDPHQMETVROK'),(34,'XFUEEVWGMTYLNZXSNTHFM','CZHZFFKJPF','VZGDZABANEUAWETMF','C','KJRCJNHKK','CXCSFVAIPBHSMHUPGL','XWYCUUU','GAWJMQXZPSEKSGSPFKCRT'),(35,'XQRQHLMG','ROEXJSZ','LOQXATYJZRCOMOFFW','VXPBGVZZZQRKHFMMOZTFRHE','QHUDHUV','UNNWGOLDDILIFCNXVVTNZ','TQNWJKJZHKYDO','KZRAKZS'),(36,'LJF','BUWTIYYBPEEEJJIJYVQLBPR','ZCESTXJWEYNXK','GEINAXDNMHXSKYLV','JNVKXSYZFVYYHPTEGH','BTEPZEPNABSGXWKYWCMQBXMOF','HJIPONEHBM','IGAFWHRZN'),(37,'GHEVRAZJHW','DROQRZKXPROBSBG','HNAYGCQLORDKVPKFYCPJTO','IPRPEETTBORCR','OXCZPIIKLI','CZAIYXWMMZFUHWFWUEJSYEXL','JAY','COEBDCTLYBQ'),(38,'QFPZXABTPLTDBRHWMK','AOELCDCUUJZQTTP','EOVKHEIWDDQIYTAWJ','WPRMGMTOBQXSDJQ','RVCSKJJHAWQPHUVSBKSZ','VXRPIDKCYCDJYOW','HBLHPWTOCIDXMCJDAKTIQZL','HMRTT'),(39,'X','IZNAUFMNOOJOEFHOWHMMVQI','ICPPKLQVI','RUHJRIIGNNUNZGXUBIN','FYODLXC','Y','LABJFAWYYSWYZHENFDKFDLCYD','IPTVMBPFSSGLGHDU'),(40,'KUXBDQNDGRGFQWLMFFIW','KOPSLWBTJDNKLGBQEUR','WVZTEAGUOAZHCUMEYXFENRO','AWTWAUZIODGCBH','TIC','TIDWIXJRTAPTXDFWTTSLIFQA','HWADFPBNZPH','LS'),(41,'QDHMOEKFWFOXAEOQDOH','UJDZCBM','LHIAOXFWUKDIOR','QLVECJAENUYSFSPKJEFMF','US','ZYYM','TJWNLENVCPGKDCBJN','WGUAIM'),(42,'UYBMKOCZ','QROW','ZSYPBIHATBVUZAVXZIIC','HKVANDR','BNHIZRTGQXIG','VKFHVDCESFGLPYHT','EUUZOZVPYCYURGAEIJLMNTF','ENYJAYMJYXN'),(43,'OJLXLJESLTCICCOXQFSLFUGY','MAEUWKPDDVXLDML','XI','DLGABZXZBXF','TYGKZAVDQLHFVZBIZO','FU','HV','ZDIC'),(44,'BVAWFKNIBEIHOYAOMMPTNAYY','ZPEWPXZHOXIT','TAOUQSMSU','RGJBO','GWXZPZFCDUZJDBWGOEBPRDK','OADQIVKWYSVTEEYXBTOCPKGH','MIJOMNMAK','BSVHTO'),(45,'RRMTYRK','ZHGDTTXUWCIAHRUXSDG','DM','TR','WFPXKLMDRPFGBYVYOW','IPWLAI','ICL','NHQF'),(46,'ZKNDZ','PUPGYY','UMMKEPNQNH','HF','PWMSSRSNLIXJTIJGRBZBPRFXC','CFSDEWVLUMUJBWLBPPM','PGFOOQBEYBHPGIFPFAUOLZA','RILTGEHRSXSTKBSHW'),(47,'CIMQQBBEBBRFT','VJGZVZWANWNTEWLADYWEBLBH','PMXFUXPSAWOHRBHZUOYF','YQARUAAZAKHQIMYUFAOQ','HTRAORPGSYKVHDIYIPOPWOT','CSNBJKOHWSPJZG','COAFITCQMWPKSUYR','CVJD'),(48,'CKKLNFRN','F','UWZFPSHEYDXEKPYAMP','BOZOYRACEIESOCUEIAWUCPK','ZSINHQMN','PXGPC','RLVIJLMHWPAUGBZNBUTOJEZL','DGPIMEHCTQTEZZAGYNU'),(49,'ZWTIOD','VMMTRATEOLEY','KXNZEKACTLTWRFZLEYZRY','IZEHNRHIREQXNIVVMURQZM','FPUTFZVMSXPMAXOH','RUEYEPGGCTUL','TWYCDZVDRALUEXMWGBLJDXA','EWDJYIFUIUSCD'),(50,'VUJGAXP','DHF','KDSRQPXAXXFTKZJSYVV','LHFKCDNSMGEFTGJHSM','OVJOZKLTMIGE','HBF','U','JRGKTBUOXDKBPBSFKODILBEAU'),(51,'TPXYKHP','RJJQGGTJLKV','NQU','IJRJMLFATGVHAAFQ','JDAVKFVBZXBHJPMUU','DRPNGCPWLEWABCID','XRZZFZIRLLWARSDJ','PWU'),(52,'VJQVZFGLBMJLEGHVPECWFL','XXEBJXKPBWVIEKGRSIE','LYVDBUZJZRYYYKDPGWDL','DKXLSHSJD','URGDOUJ','DEUEYBWATLFZT','VIXGIBRVDZXFKTIIWYNPQYGGU','TZDQTBDOMJNQIVQH'),(53,'CHZ','MRQR','RLQNJK','ENFWRCNRPNCHXFTYHDHFEZS','MARMBTPESKFUPBBSCWTMZ','CREZKLUOI','CSQZVJUYUD','PTN'),(54,'YWBUI','PMKPJHWTTIJABYRJNLDVF','W','WQWUSWNAMQNCZMTTF','XCXDJF','XFPB','EFVOYVWDPXQVAKJIPWGAQVNZG','YXIAJSRVUASF'),(55,'SQRQVRGEOEJ','WSBGFCGZKQTAZKMRPUQNK','DUXCAWUT','EYDKQIVRYMRYFF','ONHSJMHBQOTNWBOKFCSNNGZ','HHGNFNWCYJVZWDQXGFZVKEL','FVVSWJYKNHWZAVQ','UHWRLLFFD'),(56,'VYZJMMAYSH','A','PLAKFOHXSIFEXSY','HJWQLRDCLFYOKBW','APXYOKYXBLONPYRXMRWAQS','YQOYFVYFMXNWV','GO','MVUYCUSHCQKTALOAVJ'),(57,'EOSRUYTNFE','CUZZS','ZJWE','YEGIZJGPBKXHOVXFSPYBIYPZD','CSQANRJTIAKCTOCIUYZDKIXL','THPRGVIQIQCAPNLTVIOYJKDNB','CRTJTHDXG','TIODBY'),(58,'JFCT','B','ZFDQERB','TJGQBKFI','UJSOIDDTRZLSYH','BHWDVMGW','PO','SN'),(59,'XHNAVNTRORZFBNZPYPNSF','YYHFLVQGBYTUGMWKHXXXW','EPIYOYVEKEGDPWAJEWUX','PFCHXIBGGZWUYKV','NYHMYTPU','BYSBCHUCNDIHRP','VKRIFFERTTJFMJCZQYWLU','MGIFB'),(60,'WWTIFLXUMXHWGQHQYW','XAOZZURGOCRBOASIHVLU','VXNBCIRQRJTXCWVZX','CIFGBKTYZVZHFVTOOTREHLXG','ZTGLRGWC','YRTYBEYUOJPDVBZ','M','BHZ'),(61,'JAYQALJN','XMJXZ','JKYEICRGROWBSHVIAVMKTCCR','KWGAXVLOVBGTBJDSOUOPDB','MVXMOIAKRBJQM','GHQZDIYAHKWVQ','UVPDSPGQIMKFOG','ZSSKVPOCJYTKHSFQCISARQR'),(62,'HMKKP','TBGBSUWDUTUUSCNXN','WDKGGXZSLESEX','SXMQKQ','JJVDQNPI','TFRKADM','LZLQKDWHYXWPVOZKAU','JZEBDOGWYLGY'),(63,'OPDRVRGBZUFHJBZALIWNSRPYQ','WXBYLPUNQMH','WXCJWXAE','MLYDDF','RCUGZWEXQUTXPP','BSAXFNTCBVVHKUWHIUUQYH','LXYPZPWTIUKEFT','DDWKUZQEKURW'),(64,'GXOBRYQRADULCNNO','SAGU','KJVDUKFSKDOVIK','EJQIQPTXDYZE','KBDLMATLRQFDYYYPYHDIQRPPU','RCNTMYOCEBPOTGULNO','FFRONGLBSNVBOSDEE','HLAPNGQAPQ'),(65,'SUZD','HVIXTFWUZVO','UGVNNNEALKZMSJSC','S','NKZTKS','GHYDDETHXIYCXB','VFZAUZAWOLXMKXB','CKWXEDMNEPFODVQOQWRDPP'),(66,'NMKUNZDIAYRPPZPNWNDPCMA','ATH','ZOOOUS','SUHRLVZC','DWEWOWJTOOZKQLJMRMOQWWMDY','PBVJYVRUMHORDOODTL','APFLIN','DDYTPYWSCNJMJUFGX'),(67,'FZFJHXEFCDETAGVTZRF','BHSBFVW','B','OCZ','ITZMPLQWKCSYPFMZRIK','QEBTWLEJGCLYHYKQ','WHDLDSNPWQINPYIRISSDKUEI','JRMAHTQSY'),(68,'ADMXHPVVZYGGVYUEUGB','R','VTDRYNDMUYFXMRAZTGR','GUSPIXDNL','IFUOYABNCGPSGUPOPI','HQGBDIMPHXWSUQOJUU','NEXBAIULQCSRNASXOHFS','UITMUXVTBAFTGVAGCFH'),(69,'PZWHPP','ZZWHLMIRFEZL','FQZ','MZQLDTLHDILHQJVNDYUEZ','EFXGSBQ','IIOXQQTREFAFZYTMPNFNH','U','OTZNHMHZJFAB'),(70,'ZFBRKZURRNVMJVLYXTKSQNVAJ','FK','QHA','XGQKSXYQUNERLPCSTD','HJQOUSEMWCXYHIGQLVKFB','TUANP','YDHDUNIBMIZLMEVJTELYR','XCSBBDRBHRCTYABLJSXY'),(71,'CKNVYW','OTMJULZBXHHVOIHJLB','RCGVAPVTTRCA','LASCYTYSWMGAWFLYHQXB','MZVPNYXVKWB','OHLUQTUGDDSLSCPQWERUPSW','BRCTHFPSIVIWZUMXA','JUVBQWQQBYHUZJCZKCOEICOKJ'),(72,'VLQKIUXQJFGXV','VLFKHNFDN','EL','OJFPRJGNNMLIJW','LVYLAEGD','HMHNYL','ACYDCHGRKXFCGLURP','O'),(73,'CQRJOHQFCRSZUO','YFKCWNGIFTUNBWCGAZ','KIHIMGNNRSYG','GXKUQIOINGEAO','KCUTCFPXVHTWG','JXVRN','SWMIEGMP','ZRZLVFSEUNCSI'),(74,'AW','IMSKEQVCPQ','ECQDL','RQKUKYXNH','AGVPYJLVWPOHBTUY','DHHEGFHWD','QZQIBAOQYYKVMYIUICWBXASUI','KBHOZUICKMGNHNWSU'),(75,'OOAXKMHFEIGTB','CMGTELS','VUCKXBPNSITPEFU','TAJWKWEZDHE','ZQZEWMKRGURBDLXKGHKYPEKH','LTYWUEXNNQRMWUJJZUVBTBE','LQCBJDEUCP','I'),(76,'IHYEBANQZTBSXQQUJQAJ','LPTESLOIZBHQOPB','JIUHONAXPVWBZLVYDDQ','MONAEPBE','SGSRSXYPJH','FRVYWOUNZTQKUN','C','TNPCQVVPRENHEVUJMMTHIOO'),(77,'BQQXNAJQGGGTMJRWQT','VQCJWPH','DMSIZFUUYRESJQYXUMGHKOL','FEKYIXBNMNDXVHYGGLX','BKFSWZD','WTKHIXHBCUZAUUFNYJAXSSVYN','FHZKVXHWWAQHHMWZI','IDOWLMYABPDHLDIBNDKGY'),(78,'ZQYVFAVDPNFMOZMLGTUIHMRP','DGPGCUJYUUNPLRCGDR','PN','DYQVMLCQWTWPZGAVJPKQW','YABEJ','KXOLYXZNINLCM','FEBLUKPZZGNFYINW','RSYIBGVVBCXJEQBZHND'),(79,'RCHTRQFE','OSTSVNRGKIUUSTU','AXDIQTVVLZGTGF','QUVUKWSSJ','YCPXPDITB','U','HH','GEBKEHCK'),(80,'FFKVHGADNIRIVHW','BRBHBMPJ','AUCRQMRCMXJAHNHLUBEBGGHX','CAJXFE','KMBYRTEWRAFHPPUCNQD','OZFKTVDPDBTHDNC','WENGCG','KAUBOAUNYBXGZJPJRO'),(81,'KBNOH','CMPS','UYLIBIFIKSBYFVCWBSXEKHG','GBJ','YLRVEIHADVMJO','XWSHIIQJIR','UMLVIYKCRUJFYQVP','ZBMEUAZIRADEENHZ'),(82,'PFVINEQTXBHHFCV','EB','MXHHLILYP','OALEFPLCRQEME','VSMKLJACHKJT','DX','NQLTUSHSEW','IXGXZKDGAKJRQSOIIOHPAKMIW'),(83,'TGDETNCMPJTACCOBNRJH','QTDGYUMXHYNYBMTJGTDWS','RLYGEBUVOJQFFBHZT','W','FTTQCCZQWLYDVD','DCMVWFVYS','KNNUVAGMBBCFDH','AYWGTYSEDEAJ'),(84,'KZVPPNQYOLP','KPYWLCVVDKKHV','VERMJRCHCSLOCROWACGWTLWVP','VDQRSQXXQYDYI','MLWZSMHBDBS','IRGM','GV','OTJGGTXDTHTQEPCDQHPCXGMA'),(85,'WTGYUJOJNDG','KSYJKLGUDAJZQNLUPJSJV','TFP','KYBSLPBZFWGQQDVV','KRFEJNTNHBUQONBBNXOP','OZNVFWMZVDUQKJW','VAO','GLWYGISPVYT'),(86,'YHCQNSVNBIZDMESGRDISUNZO','AQTPQOVFLDA','NPES','XVHJFDESMMRQAYEBZR','MBSQFIAKO','NWLHGOKXXONGKNV','G','MKJMHXLDTWW'),(87,'UICFXJYKDTCRVDPYMDEOHZO','XKJKIKPVMDBPWYJV','W','ROEJGRKETZSXZ','PSH','AIBNPVWF','VJORQKQONIXTSSBNPEDYEC','HNTU'),(88,'ZGLQWCGFFYYIFQERJXAWE','ZLGSBNZDQFWKR','AALGEJHRWYFJMNYG','TYDPLSFHSTGIUTDS','O','MMZULOUUWERTVUMLIKELPXZF','HYSJYLKDXQSOWJBJ','DUFGEW'),(89,'JBKPLQTLUQOAP','ITEKQEQ','VSSYYSRIDVVJVETPXPXLI','PLRNZDEAAAM','UEROWKCXQNHNTFW','YMKGJSOWSQXCMJVCXZBB','V','NOYPVTUBBLXTENUKAXU'),(90,'ZZW','FQIBZK','XGXOTYQUSP','QLOPOOWEZMWJHVBROSFSKQG','LMM','FFXYZAMQPLDKDMP','PMWZVOMFJLSFCGLUU','ZODBBMPLJCLPDESFSKFNZ'),(91,'XXNLXNDFTYFULJMAQJFAF','EHLTAPHIKTNXLXQEOOEHR','PQLUTOILVMDHWWTK','BHBLCPLZAWAWNJBPYZTGLUFG','VUZZNPPJLYFKIPHYNF','ONOJMHBNQSWHYARX','TAQNNY','YCJMNPGINNWAU'),(92,'MJV','CLHXNK','K','KUOHRODNWZ','BOODBFBELKCVUQAUYGFU','ZXBLAEGEGUIDZWXSR','RBPNKO','QQXFBYLGYILNVWJV'),(93,'XGJVGVTGMKW','XPNOUMUBGNRA','MR','GCFYGDKMJZAPLLP','HFVUQFAZHWVPRAVMVCWEKV','MTFJZPQNDV','IBN','NCMOAPTEFS'),(94,'HPCMYUSKNDSJLQUZX','VUCBWNFETVSHEYRCBI','LVCVPQSJXPNJZOTPUQ','HGCVQXULERUEEFGQDDKDLYUZ','TRFONBYYOJUSUJVSN','LAYCPFHWKQDFOZDSPJPEZ','DDQS','TSN'),(95,'NCLS','EECLPLDLXEADDHWUZEX','XKIXNYORJU','GBTMSROGNXM','KWUC','HW','OBBJ','XTQA'),(96,'IGHYURYDX','SLZQUKSFFJZTEVPRZO','IQHIQYDMIUH','VQHPLBQA','BRGCSCVKRBRBPFJPPEJJBMI','GFADW','FXBDXNXXAKEWZRBSVY','THHCROA'),(97,'DCDRVZKHBADGEG','NOHYKNDVOACSDUTHWDFGN','XMCTTAWVL','KGGTHYZCKNGYLW','LIGBGZRJJSZUOEFMQRQ','OZUQWJYAUBOKZRHAZQSNYPJS','IDSLFDS','I'),(98,'ELRKCMKIAVCCIRZVJRN','VMPRBPTQMPPEUPRCHMNYSDNCQ','REVEHQJRROS','OVXFSM','OSZEVLNYAVA','M','MHKLJSFHVP','VUBYZRJNH'),(99,'XRNYESMUOXNIXLGTYGXYSXET','XGKVXHKC','V','QVXJIBSQTWDSJBGIJZ','XEFGSVE','HBNAHMSFDSYHVQRO','BGTQYYROZBHLRQELOTYLYCLFD','TQUYVOOFCGDHUQT'),(100,'YDMDUHQKKCMUQOGNXTIIHDMTE','GVFOPRNQKWAPIMUDSQOKP','YRNVHLKFNNLVFLBGHK','RNRAJPILCWO','LZ','NDVBUPYSDWPTSHPDBY','RDJKJHMRPUSMBO','RCDNNGAKMMJWAH');
/*!40000 ALTER TABLE `wire` ENABLE KEYS */;
UNLOCK TABLES;
/*!40103 SET TIME_ZONE=@OLD_TIME_ZONE */;

/*!40101 SET SQL_MODE=@OLD_SQL_MODE */;
/*!40014 SET FOREIGN_KEY_CHECKS=@OLD_FOREIGN_KEY_CHECKS */;
/*!40014 SET UNIQUE_CHECKS=@OLD_UNIQUE_CHECKS */;
/*!40101 SET CHARACTER_SET_CLIENT=@OLD_CHARACTER_SET_CLIENT */;
/*!40101 SET CHARACTER_SET_RESULTS=@OLD_CHARACTER_SET_RESULTS */;
/*!40101 SET COLLATION_CONNECTION=@OLD_COLLATION_CONNECTION */;
/*!40111 SET SQL_NOTES=@OLD_SQL_NOTES */;

-- Dump completed on 2024-09-04 12:46:57
