CREATE DATABASE  IF NOT EXISTS `thingsboard2` /*!40100 DEFAULT CHARACTER SET utf8mb4 COLLATE utf8mb4_0900_ai_ci */ /*!80016 DEFAULT ENCRYPTION='N' */;
USE `thingsboard2`;
-- MySQL dump 10.13  Distrib 8.0.36, for Win64 (x86_64)
--
-- Host: localhost    Database: thingsboard
-- ------------------------------------------------------
-- Server version	8.0.36

/*!40101 SET @OLD_CHARACTER_SET_CLIENT=@@CHARACTER_SET_CLIENT */;
/*!40101 SET @OLD_CHARACTER_SET_RESULTS=@@CHARACTER_SET_RESULTS */;
/*!40101 SET @OLD_COLLATION_CONNECTION=@@COLLATION_CONNECTION */;
/*!50503 SET NAMES utf8 */;
/*!40103 SET @OLD_TIME_ZONE=@@TIME_ZONE */;
/*!40103 SET TIME_ZONE='+00:00' */;
/*!40014 SET @OLD_UNIQUE_CHECKS=@@UNIQUE_CHECKS, UNIQUE_CHECKS=0 */;
/*!40014 SET @OLD_FOREIGN_KEY_CHECKS=@@FOREIGN_KEY_CHECKS, FOREIGN_KEY_CHECKS=0 */;
/*!40101 SET @OLD_SQL_MODE=@@SQL_MODE, SQL_MODE='NO_AUTO_VALUE_ON_ZERO' */;
/*!40111 SET @OLD_SQL_NOTES=@@SQL_NOTES, SQL_NOTES=0 */;

--
-- Table structure for table `customer`
--

DROP TABLE IF EXISTS `customer`;
/*!40101 SET @saved_cs_client     = @@character_set_client */;
/*!50503 SET character_set_client = utf8mb4 */;
CREATE TABLE `customer` (
  `cus_id` int NOT NULL,
  `identity` int DEFAULT NULL,
  `iddevice` int DEFAULT NULL,
  PRIMARY KEY (`cus_id`),
  KEY `entity_idx` (`identity`),
  KEY `device_idx` (`iddevice`),
  CONSTRAINT `device` FOREIGN KEY (`iddevice`) REFERENCES `device` (`id`),
  CONSTRAINT `entity` FOREIGN KEY (`identity`) REFERENCES `entity` (`id`)
) ENGINE=InnoDB DEFAULT CHARSET=utf8mb4 COLLATE=utf8mb4_0900_ai_ci;
/*!40101 SET character_set_client = @saved_cs_client */;

--
-- Dumping data for table `customer`
--

LOCK TABLES `customer` WRITE;
/*!40000 ALTER TABLE `customer` DISABLE KEYS */;
INSERT INTO `customer` VALUES (1,25,58),(2,3,67),(3,48,40),(4,3,19),(5,22,98),(6,16,17),(7,58,80),(8,14,53),(9,24,1),(10,14,95),(11,1,23),(12,57,44),(13,40,26),(14,48,82),(15,97,1),(16,79,74),(17,38,15),(18,51,4),(19,24,89),(20,93,90),(21,4,36),(22,20,12),(23,19,30),(24,3,19),(25,58,35),(26,94,75),(27,45,25),(28,14,99),(29,90,23),(30,57,13),(31,93,23),(32,60,75),(33,15,99),(34,47,29),(35,19,37),(36,14,28),(37,46,13),(38,19,85),(39,80,70),(40,47,77),(41,24,48),(42,40,43),(43,26,89),(44,64,51),(45,23,95),(46,64,66),(47,37,38),(48,61,30),(49,35,15),(50,59,42),(51,78,29),(52,47,12),(53,24,77),(54,83,47),(55,8,91),(56,36,11),(57,54,5),(58,25,11),(59,69,28),(60,74,82),(61,86,74),(62,81,16),(63,73,87),(64,99,38),(65,14,79),(66,44,60),(67,52,55),(68,14,59),(69,51,12),(70,44,19),(71,61,41),(72,3,35),(73,1,58),(74,47,12),(75,67,17),(76,57,63),(77,67,47),(78,59,60),(79,54,89),(80,49,91),(81,7,55),(82,69,4),(83,40,5),(84,99,41),(85,45,37),(86,60,29),(87,28,77),(88,96,71),(89,99,87),(90,60,45),(91,67,11),(92,80,39),(93,96,36),(94,19,69),(95,52,46),(96,93,22),(97,44,99),(98,91,44),(99,33,66),(100,87,49);
/*!40000 ALTER TABLE `customer` ENABLE KEYS */;
UNLOCK TABLES;

--
-- Table structure for table `device`
--

DROP TABLE IF EXISTS `device`;
/*!40101 SET @saved_cs_client     = @@character_set_client */;
/*!50503 SET character_set_client = utf8mb4 */;
CREATE TABLE `device` (
  `id` int NOT NULL,
  `dev_name` varchar(45) DEFAULT NULL,
  `dev_type` varchar(45) DEFAULT NULL,
  PRIMARY KEY (`id`)
) ENGINE=InnoDB DEFAULT CHARSET=utf8mb4 COLLATE=utf8mb4_0900_ai_ci;
/*!40101 SET character_set_client = @saved_cs_client */;

--
-- Dumping data for table `device`
--

LOCK TABLES `device` WRITE;
/*!40000 ALTER TABLE `device` DISABLE KEYS */;
INSERT INTO `device` VALUES (1,'IFKRGSOWDINDQLZXEYWYEWBFS','YYGJUDJXEZNXTT'),(2,'UEJCIYUWYGQA','VV'),(3,'SHFVL','VBZ'),(4,'XTOYKO','LJAEXZV'),(5,'GQOLVYGIGJDQNOVIU','IFXH'),(6,'YJWJQFDQMOJFJY','JXXWPFKWPZJUPKKFFOFQ'),(7,'Q','GKSHVAYYUWUJMHEOQCOHUM'),(8,'PSAKTJGO','WWIPSBIOVKYCGEEPD'),(9,'LUZMUTKDEQQKXFJJKFTPQ','FKJTSLIHUMM'),(10,'KMSAWWU','YTIBCFYVSOVRUOZKHJKNCN'),(11,'JJQBLEDNJFVCN','PGF'),(12,'ITFYKBLJVJKIMGP','TSTCBYVRHQWCOALZUYCHB'),(13,'GICKIBCFYQJLLXNK','NPKQQHOXUFMKIRDTVZRIA'),(14,'EQSXIOLNTWLJUGNV','WAFKFKFFDCKMUYQVHQRI'),(15,'HFKOBGZQOPGBYKEUPESQ','OAODFBTGCBWZANOPFUEGGSO'),(16,'VQQNJANZKVENFTFETJTLI','PCQDMGXXWBSZPOVWCJXHMSA'),(17,'TNOGJCMJKZCDWYXGJZOQCTLX','HIAWXKWNYBJ'),(18,'CMTDOFHAUADVAI','H'),(19,'SKPZGHSXBNHUHRBDOIMVB','NKLBAVF'),(20,'WIATXVYMH','QUVZAQPAXKLUDYBZDJGYOH'),(21,'ISMQHPGFIDODBT','XMYYYSPZNUTBTEGTGNOFLOG'),(22,'ZLEYHGZHLHZF','BHEGYK'),(23,'QRIXPLQUIPBJAAAYEMFJM','ALKHBNWJFMZNUGTZ'),(24,'NKGHPMWNUQCWASOQPSJWPNAZ','JVFREAKOATHKLWIARSNGKCLA'),(25,'WCVLPWHZD','XZGTNSMOOFBCWTCBZ'),(26,'EUSXCY','KMTP'),(27,'DHVFNEAQ','FBMKNCQKVBTVMF'),(28,'PSZZSOR','ITXIIUCKYZZHYLQSFHWURO'),(29,'KAFEMHBSTMNJQLRYA','DPSYFUDVCWMWFMEB'),(30,'JTDDWBDTUUOKZBWLARBXSFIJ','VCO'),(31,'OYSNFEHWOGGDJGCRWSOPWZSH','JVYU'),(32,'VZXFGZQTTGCDSSLDE','LFPOLQPMXHHEINBHHNHJID'),(33,'ZDL','ALWPJXL'),(34,'YYAISUAMCJBECNBMALGK','FCBSRXOTUABZTAJNVQX'),(35,'MCGFRNPBMKCXSWHIJM','DCPIZKXSXOUDWVUWP'),(36,'VVKZLKLEUKV','ABXFKBKJBLRHAXNIWFGERHIOS'),(37,'JPCQCLNSVZG','RRUHEMATAHIENV'),(38,'WOW','OVRMTHRTJTMUKIMAUFVGKRP'),(39,'IVQGJWJHAJ','NELVNYVVJNDYEXQB'),(40,'TTELVUEVPADXEBGUOQVVYBI','OPBIQRISRZJWOPRIZH'),(41,'IVVIXG','QZARQQ'),(42,'VZMJMMH','YWDDHJYFOUPUPQOEXEWCFWUH'),(43,'AHNJTUHQCGUKAXSWWC','JCNHUBUY'),(44,'K','BGKETGTJEJDCUJQZYEFZJ'),(45,'ICGFLERAST','VWFBVGHGG'),(46,'ZYTNHBWHDKBEWCQKQVFPUGCOA','MITSSAD'),(47,'IDFMMLGMJDEASQKNZCT','FMAOLXR'),(48,'UOCSKMDKLJPMZQYC','TFWKTRSNIVQ'),(49,'FBTKGRDEQTVEJ','BBVCDOKLTW'),(50,'KCKATCTFFGPCQRLWOJVL','XORAPZLNPSMOBYKCLKDYYFI'),(51,'FMOLLDRPFZWNOSPPTDUGUHKP','WDQQL'),(52,'AT','OIB'),(53,'PKDTCOZVSJQV','AW'),(54,'MLUCBRWENVFMYXSBOT','YDVNHDKWTLEWHSEOALCRADNAJ'),(55,'UCCMOOQDWHXTAGQITKR','ENWBTRYOZXEFCVZOZH'),(56,'IHULQXUZSBLFRPNUNDMYSOGBQ','NAVLNBTJM'),(57,'ZAAOAAZC','WHVSKBLOKXEDTUDFI'),(58,'NQNTJCOJTOLBIAVKDEMTKCTB','FUXFWYRROOSONISHBEBZ'),(59,'IVOBAPVHIWOUMP','YQBMQAFZLOTPGCCPTUP'),(60,'BMUDDLNFUOZGDDWCYDFJOQ','U'),(61,'HXWGYLRGLA','YSVGJVRTMTKGGDTTYMYGKBOQ'),(62,'MWEENPJUQNJNI','GLYAZDGSQPQBOQZCEKM'),(63,'UTWB','ZJAXSTVZRODBIBZQNG'),(64,'SINLBTNLIRPV','NGQNIURBIRMNJCUPRS'),(65,'DQX','WYFUK'),(66,'QWWKRYT','ZFHTUAWJRCVWQEQLY'),(67,'LLGXORBLJHGSKGJHVSODYI','VGY'),(68,'VFVELQQMBEAHTV','KXN'),(69,'TOA','LKRSECMIY'),(70,'TIZLWDOVLDTMXRHVIYLEXDJNI','UJZY'),(71,'UWUEICGZOIUCEIACTCYFQ','OSBU'),(72,'IBJCILPNQXVVXW','VKCGHRSZAD'),(73,'SNHQAGIZACDENPRAKJGQWXXSG','YDYKCDULXXXUCXRSW'),(74,'CEPQFYGGPDXRVHUVKFZGAACP','TTEPBD'),(75,'VYXFYKYXTPE','NUVUJYOBMOAPGMLWBNSKBKLTQ'),(76,'Y','IY'),(77,'SVXBBCRDLTXPEZRUIZ','EOUADDMNQXEQQY'),(78,'NMSYTGSKTJAXHTWVOT','RUZOKURWMPNXOEN'),(79,'ZOJRUIH','WFLFKMZSRUMD'),(80,'MYDFPIGPIPNXEH','K'),(81,'SFXMMYNVGHAEWX','IVFRYMHAFQVF'),(82,'XECWEQVNQWFDDFQORGHCQMD','PHJHWF'),(83,'UNIIEHYAMSG','QTVCGJOWOOHPLD'),(84,'BHSHLLXLRGQMKQUANEG','LZUGM'),(85,'HUMALINOSELJUSMWL','UOYDDFWFU'),(86,'ZKYQDBFPATKWAIGME','ZKCODCCZYINXMIZNX'),(87,'MHGTKN','KTOCDFUPMAS'),(88,'HBVRBABVLRKUQVR','DDHOIZEWWYOPURXAJEJCGDWRV'),(89,'JVETGUHQK','UUQXRFFZWWYNWOSUD'),(90,'EJXVUMKYBQPPW','GNDTXISGXTIPWGBFWQG'),(91,'CUMIFQERIQWPIKAZVES','LWMBOBYIXWWSYKXCBVVQXJ'),(92,'YETFMHYYC','MBOQGEIK'),(93,'MIVDMZIKVZ','R'),(94,'CYHWKYUN','KLIJZCRRQYLTYMWDADC'),(95,'YVBBVFSMQAEBBFQQOIAGXX','PR'),(96,'PEXUN','DTMXXPTTPAZNRXBDLQ'),(97,'ESHHTFHTCHKNPBXTCRV','THMXOIOISG'),(98,'BAMSWEX','CLIOARQTPCWIGNOFITTT'),(99,'NLPTIRGIQCCQTDWWGGCOBMOW','UOAIRHAGGUSQ'),(100,'SBHXUGPEYSFVRZXPZNC','XKTEHOY');
/*!40000 ALTER TABLE `device` ENABLE KEYS */;
UNLOCK TABLES;

--
-- Table structure for table `entity`
--

DROP TABLE IF EXISTS `entity`;
/*!40101 SET @saved_cs_client     = @@character_set_client */;
/*!50503 SET character_set_client = utf8mb4 */;
CREATE TABLE `entity` (
  `id` int NOT NULL,
  `name` varchar(45) DEFAULT NULL,
  `type` varchar(45) DEFAULT NULL,
  PRIMARY KEY (`id`)
) ENGINE=InnoDB DEFAULT CHARSET=utf8mb4 COLLATE=utf8mb4_0900_ai_ci;
/*!40101 SET character_set_client = @saved_cs_client */;

--
-- Dumping data for table `entity`
--

LOCK TABLES `entity` WRITE;
/*!40000 ALTER TABLE `entity` DISABLE KEYS */;
INSERT INTO `entity` VALUES (1,'MUUXNPAQPY','KDGJKBVLHPACX'),(2,'GDJUVTEFDMUUOFNRNQ','XSKPGSOXHYWIMMSVYPKIJIFUI'),(3,'ENGPCAPFRUKPHSYFXR','UTSGNG'),(4,'AX','FLWAYMSYY'),(5,'APTPPFCTPAKKXAUKFKLUJ','XVYJMAROL'),(6,'YMEJXYDPNQUDROMCYMP','DQJKADIY'),(7,'PHDQAIRDQJGEPNMXYAHYB','MCEKJVXMTQMNHVUBPSHQQN'),(8,'MZTKCDKAS','VZAHX'),(9,'XTUXBADBJQSDDTRVBBOO','PZVPLFSS'),(10,'PRGQKBASJWGGZIIATIVFFD','HYLGQXXMG'),(11,'TRHOPKPBCMVIOXVORMR','AXNQHHQVESDFMSCBXWRY'),(12,'DEFTSGU','UJHILGGBGX'),(13,'WEMOAVE','OINIFLVGPDYKLUMBHHAVU'),(14,'JYEMDXEKZQXXBWFKJJDC','MYAMCDOQLHBWVOUSGZGDPEJRX'),(15,'WSTUBIWPRFGWWKFGDKAXI','PJBDJ'),(16,'UQZNJA','XJWBUHOIGNEKCBQAUXMRL'),(17,'DCXMDVCIOFMIFI','XTGXBVTBAZUXVUEJNDKQT'),(18,'FHRIM','JPRIZRRLUHDSYQ'),(19,'PZENSLKQGDXGOYEYFBYGNR','QSZSBQXCZXSLJFOU'),(20,'DEVCXTZQTGUIVJSNGVMYTJ','MXZVXIILZUHIMKONZC'),(21,'ILVRMBXAGHYIFEGHSQCUASRQ','NGQUQZZRYAYKKVJ'),(22,'NOPASTYUBCYPUVNWICQNXUZ','EABJLOMHCFYNQIZUTHFZGHO'),(23,'MLSGXT','CMVQTGLBWPRCRULRUYVEYYBDY'),(24,'JTQYTPOVIACINODHHIWIX','UJGFALUCLUTLHXBFSCKHD'),(25,'MRAXIEWNBLGJ','VYBTD'),(26,'XBWTOZRJE','HK'),(27,'FJHUTEYHWSIFHPCBYGLJACNOV','AZAYXQFEDSNGKXB'),(28,'HQCG','FASHIJJTYSHGKEICDKJOZ'),(29,'WUDEIYJBRZWSR','LMJJYITYDQEELDHQSOTWSPV'),(30,'ZJWEXKJSHW','YFDDPUKUEQUWGFCXTVXVD'),(31,'IAL','NKUPHZRNFN'),(32,'UUZMMUQTZPJUHLKH','DFUXFIZMAKATFCKKJOASQRBJX'),(33,'HHN','DER'),(34,'XBLBSMO','HDAQXCIRKDYNKKZMEMKN'),(35,'TUCLSORLGJIOK','KHGAELUJMOVM'),(36,'VDDYRLD','QHSLEPKHZHADXZFNUO'),(37,'SHJKZVQQWKFCLAFUEQ','IDT'),(38,'Z','ZDWW'),(39,'RBKASYGFEQTMBKH','PASACXLBTT'),(40,'FFPDWTNYEBL','NADXOJAAMAJQQYKD'),(41,'JPDGIP','DRUEDAN'),(42,'FLERQYYRVLYOWXBQF','JWQNFAZVRMPWYI'),(43,'IUTUAZKZ','FIYCJIZCYYWPJBQMHAXBHXBE'),(44,'WHUNUWRBQUOD','SCLBSBILCV'),(45,'GPGTYCQMWHEDQZRPXUZJH','AUK'),(46,'AGUCZDIREZJLFKG','IEYMYHPUKC'),(47,'EDGHBQYSBNTRGHQEYEVOBLR','UBITCI'),(48,'KHOYCTKNZZFARIOUNZTBKB','ONBLZAEMMHKAIPQIVXKAS'),(49,'FHBDZLCVABLMRFYYKBXN','UKFBQXNWVXQIFK'),(50,'MPNZCAKXLWQSXOWDQIXOM','OZD'),(51,'FEUAI','KAWTHCZ'),(52,'RN','T'),(53,'UVZBDIZLQWQBWKJJJBKUBTVNL','OPEUOBTEUBE'),(54,'RLLYBS','MKNNYIWSZ'),(55,'ZIWEYCEK','QN'),(56,'GWIMUCBEYVZWWDY','B'),(57,'YWAOMTIVLFULYNCY','EBELL'),(58,'BJFC','PFZXVPGMNPF'),(59,'GYDSTTBH','VITIPPXMQIAOHS'),(60,'VIZFNECLJZDM','ZCYVVJWDJDMEZLUAJLDKA'),(61,'OUZKSFSPSP','XGCRZMBPOINWHJVWCVBHHMX'),(62,'ZFJL','AODIOXCIKPMUMKFQECQRT'),(63,'MCJTYLRHCRKIMTGJSVVK','ZEKYPPTOVAL'),(64,'AWPAIQQDST','EXFPKOOOP'),(65,'UJRWAZ','RJRXTIWEYUDYOBL'),(66,'BUBGJ','VPRGSQBRVGYI'),(67,'QPYYIC','IVSPDRRISGHROGSV'),(68,'QLSXQEEIMPXLOHIQPO','WKLONCKC'),(69,'ISXDNY','QWVXBPAGEMV'),(70,'YKYHDTNTYIENJFZNWAKB','TPPLABMIDEWYJJNN'),(71,'KOQGWIMHHLVQUMWNENKRK','LRBFA'),(72,'HJMMURV','CWOBZSZJTZPLDSIW'),(73,'QIPABZKCUPIVXEBCUDB','TVNLCFJWURWKNI'),(74,'PQUYTPHGQZSZR','MLUDBX'),(75,'MBEJBJJ','KXMZZQGMZMEGMBAUA'),(76,'RSRUC','QWIKGGFH'),(77,'BKFIUORCZGDBSQ','JVXDSLUPMQIIVZMSORDSEQV'),(78,'HNUPNRTYXB','UPAEMGCIPVZMECMAII'),(79,'BFVIQZBHGXXBJHQMMKRF','XSBDXCDJBPPHXZPSF'),(80,'FIOOCSGQHITLNHNKJDMNLRX','KZX'),(81,'J','ZFGNNZ'),(82,'AEFKKVLXDGQGTSZSBYVRPROMP','AMAGTFLQRAYFCJFURUBBLWZS'),(83,'BXLMEEEOPZQB','ZFDHOTXAWBVYXNHEWLCVTPIIU'),(84,'UFUKAWKFOUOTFBHGO','BYXLHTDPQTMJLDVQVL'),(85,'YSCYTNYDALNZBJNYJRIQCUD','YXBYYGLU'),(86,'LABFTGKYLGSJLUFZNBSPI','DQCK'),(87,'IRFKZZBUDHVWVR','IZJXYEBRAWRTQHSL'),(88,'JQDCPKGFEMUCGOF','KTJNKIHLVTM'),(89,'VM','YGV'),(90,'DCXP','KCOXAWXRBOWRCIFGHAXQR'),(91,'RNXJKEQM','TTXGGAWLWUSNGJD'),(92,'JJLKUMATZUSSRIKPKNQBKIAX','YQFJFLMTIBNRGIDMUGRI'),(93,'CVROQYOQJFMWDTTZARJBWDB','UYPEVNMZVLHOJIJFUKWILVT'),(94,'URUAFWPPEJBHR','VYUQ'),(95,'QUAOQXBRROJMEZJTT','I'),(96,'NCJSNYOIHTFTR','RWAFIUQXVLVXOLN'),(97,'LDWXEGMYAEHDFWQQPDZ','DGXBV'),(98,'ECR','DMYXLFGWMWBAN'),(99,'POBRUWSHYCIIT','YZR'),(100,'DNCUTRFMVYPXDXGHFAAAICEXI','VLSEJXUAFJZXHVPHTCROPHYB');
/*!40000 ALTER TABLE `entity` ENABLE KEYS */;
UNLOCK TABLES;

--
-- Table structure for table `tenant`
--

DROP TABLE IF EXISTS `tenant`;
/*!40101 SET @saved_cs_client     = @@character_set_client */;
/*!50503 SET character_set_client = utf8mb4 */;
CREATE TABLE `tenant` (
  `ten_id` int NOT NULL,
  `identity` int DEFAULT NULL,
  `iddevice` int DEFAULT NULL,
  PRIMARY KEY (`ten_id`),
  KEY `tenantentity_idx` (`identity`),
  KEY `tenantdevice_idx` (`iddevice`),
  CONSTRAINT `tenantdevice` FOREIGN KEY (`iddevice`) REFERENCES `device` (`id`),
  CONSTRAINT `tenantentity` FOREIGN KEY (`identity`) REFERENCES `entity` (`id`)
) ENGINE=InnoDB DEFAULT CHARSET=utf8mb4 COLLATE=utf8mb4_0900_ai_ci;
/*!40101 SET character_set_client = @saved_cs_client */;

--
-- Dumping data for table `tenant`
--

LOCK TABLES `tenant` WRITE;
/*!40000 ALTER TABLE `tenant` DISABLE KEYS */;
INSERT INTO `tenant` VALUES (1,28,13),(2,20,4),(3,49,2),(4,47,69),(5,3,39),(6,99,5),(7,68,60),(8,71,88),(9,74,63),(10,97,91),(11,91,84),(12,42,72),(13,12,1),(14,14,22),(15,100,19),(16,65,31),(17,27,14),(18,6,77),(19,77,22),(20,35,27),(21,83,21),(22,46,34),(23,84,14),(24,70,37),(25,74,84),(26,85,54),(27,93,90),(28,56,37),(29,43,27),(30,64,26),(31,91,80),(32,95,18),(33,11,44),(34,90,92),(35,65,55),(36,97,13),(37,15,44),(38,38,55),(39,76,59),(40,33,59),(41,68,47),(42,67,32),(43,14,37),(44,48,27),(45,32,38),(46,7,36),(47,24,54),(48,21,78),(49,30,13),(50,66,12),(51,89,47),(52,46,70),(53,69,99),(54,15,52),(55,9,35),(56,93,63),(57,3,71),(58,98,76),(59,43,23),(60,69,45),(61,41,34),(62,6,73),(63,63,1),(64,74,80),(65,4,7),(66,61,76),(67,61,17),(68,77,18),(69,62,52),(70,76,48),(71,48,59),(72,41,12),(73,10,4),(74,71,18),(75,32,56),(76,91,45),(77,18,88),(78,29,38),(79,37,65),(80,2,96),(81,93,94),(82,58,26),(83,9,44),(84,59,97),(85,80,49),(86,20,12),(87,1,98),(88,36,23),(89,43,24),(90,66,80),(91,33,62),(92,15,97),(93,15,62),(94,57,35),(95,64,74),(96,24,55),(97,57,90),(98,82,73),(99,25,24),(100,42,20);
/*!40000 ALTER TABLE `tenant` ENABLE KEYS */;
UNLOCK TABLES;
/*!40103 SET TIME_ZONE=@OLD_TIME_ZONE */;

/*!40101 SET SQL_MODE=@OLD_SQL_MODE */;
/*!40014 SET FOREIGN_KEY_CHECKS=@OLD_FOREIGN_KEY_CHECKS */;
/*!40014 SET UNIQUE_CHECKS=@OLD_UNIQUE_CHECKS */;
/*!40101 SET CHARACTER_SET_CLIENT=@OLD_CHARACTER_SET_CLIENT */;
/*!40101 SET CHARACTER_SET_RESULTS=@OLD_CHARACTER_SET_RESULTS */;
/*!40101 SET COLLATION_CONNECTION=@OLD_COLLATION_CONNECTION */;
/*!40111 SET SQL_NOTES=@OLD_SQL_NOTES */;

-- Dump completed on 2024-09-05 15:21:35
