CREATE DATABASE  IF NOT EXISTS `wire` /*!40100 DEFAULT CHARACTER SET utf8mb4 COLLATE utf8mb4_0900_ai_ci */ /*!80016 DEFAULT ENCRYPTION='N' */;
USE `wire`;
-- MySQL dump 10.13  Distrib 8.0.36, for Win64 (x86_64)
--
-- Host: localhost    Database: wire
-- ------------------------------------------------------
-- Server version	8.0.36

/*!40101 SET @OLD_CHARACTER_SET_CLIENT=@@CHARACTER_SET_CLIENT */;
/*!40101 SET @OLD_CHARACTER_SET_RESULTS=@@CHARACTER_SET_RESULTS */;
/*!40101 SET @OLD_COLLATION_CONNECTION=@@COLLATION_CONNECTION */;
/*!50503 SET NAMES utf8 */;
/*!40103 SET @OLD_TIME_ZONE=@@TIME_ZONE */;
/*!40103 SET TIME_ZONE='+00:00' */;
/*!40014 SET @OLD_UNIQUE_CHECKS=@@UNIQUE_CHECKS, UNIQUE_CHECKS=0 */;
/*!40014 SET @OLD_FOREIGN_KEY_CHECKS=@@FOREIGN_KEY_CHECKS, FOREIGN_KEY_CHECKS=0 */;
/*!40101 SET @OLD_SQL_MODE=@@SQL_MODE, SQL_MODE='NO_AUTO_VALUE_ON_ZERO' */;
/*!40111 SET @OLD_SQL_NOTES=@@SQL_NOTES, SQL_NOTES=0 */;

--
-- Table structure for table `scim`
--

DROP TABLE IF EXISTS `scim`;
/*!40101 SET @saved_cs_client     = @@character_set_client */;
/*!50503 SET character_set_client = utf8mb4 */;
CREATE TABLE `scim` (
  `id` int NOT NULL,
  `json` varchar(45) DEFAULT NULL,
  PRIMARY KEY (`id`)
) ENGINE=InnoDB DEFAULT CHARSET=utf8mb4 COLLATE=utf8mb4_0900_ai_ci;
/*!40101 SET character_set_client = @saved_cs_client */;

--
-- Dumping data for table `scim`
--

LOCK TABLES `scim` WRITE;
/*!40000 ALTER TABLE `scim` DISABLE KEYS */;
INSERT INTO `scim` VALUES (1,'YVGCMIKQSZZWUFMI'),(2,'RMBRLMHZJNRUG'),(3,'HWUVBGJKTKLORHLSOUNRID'),(4,'IVHWLWLCUPPENNU'),(5,'VKNDNGDANYIHSLZNPVIKVXGS'),(6,'BVGXURQMSMNSMRNSEABK'),(7,'OCUKAFZALAOLKWT'),(8,'UTFDLKVFBXNMOFIBRE'),(9,'OLCADKZEPIHQXFPVGIPJPLD'),(10,'ETJLOOHWSUWQC'),(11,'WNAGDJBES'),(12,'MQECZPTYJLUHJPEKRJTI'),(13,'DINMFPWOVMTVMIEVKQMZX'),(14,'ILJOYNEBHNKQZXIWXALGUKS'),(15,'AIHRUOPUNVWQBNCLPUWLY'),(16,'YBAAKZCJKJGGQXZUBMLJI'),(17,'GJKLDVCCACQZDAWJYQPY'),(18,'YHAWNGW'),(19,'SMUNAAMSKVVUAFYGTGPJ'),(20,'FOQKYYXTSDDKSQJCIRQIH'),(21,'R'),(22,'OXRAXLJDSWL'),(23,'KTJSTIFDRURBBNLD'),(24,'INIARWBZ'),(25,'DVSSZECDD'),(26,'IZKPBQJVB'),(27,'KMNILD'),(28,'RNCATPWITNIQDLWHGHUCBSCCY'),(29,'FS'),(30,'YD'),(31,'MWQ'),(32,'NU'),(33,'VQEHSEY'),(34,'YIBP'),(35,'JYIODSVRLUYBPXWSSZMLRA'),(36,'KUPEOBWUYWETONPY'),(37,'MKVRTKAJAZPYSJZNEOR'),(38,'GCSNWDCLKLFIICCJ'),(39,'SDOGOZURKVBQXYSCGWDXTJRX'),(40,'UKJZREWGFC'),(41,'CBOESOUQXJLMBIKMXEY'),(42,'PZQB'),(43,'FO'),(44,'BGGLRHVKKKNQJ'),(45,'MFIWAWCZG'),(46,'NIYSHUKUXMAK'),(47,'TDQYTRRCHWIYQAEC'),(48,'JU'),(49,'BSZXDURYZODETKIEZKNWHPQVA'),(50,'IVHEVVSTLQXSKPCC'),(51,'VDSNUXKVKKWN'),(52,'VL'),(53,'BUENXD'),(54,'DPQLWLBHGPGFTEPL'),(55,'BSZSNNAAQHBTOFAGRMHKG'),(56,'B'),(57,'HKAWIYBMPXQOENEQEARZZ'),(58,'YKYFETNYAWNWYOE'),(59,'WNTFQKGHBKVAFGPSZRBTHBDPL'),(60,'FNRRKMW'),(61,'VCZNIMXWJFEUYB'),(62,'CRCFNKQBVY'),(63,'HOUBZZIWN'),(64,'VCSJOBNV'),(65,'T'),(66,'JGGPRDHEGJXFZTEVAQ'),(67,'TQLLARIS'),(68,'KBWAHBYHLDTYOXAX'),(69,'I'),(70,'YJOWNOTABHPS'),(71,'SAWSRBQ'),(72,'C'),(73,'LBQCFH'),(74,'YJJGNOHLMRRPBGMJQN'),(75,'GYADBZLVMWBUTTXDYN'),(76,'YVIDHYHHXWSUWNHEXKJGENV'),(77,'UBZHYDBOEDOWOXIVIVRFBUKU'),(78,'DIKURZZSZPGYDMOWQKBWRZ'),(79,'BJ'),(80,'FIMIUQFMR'),(81,'EEEUDWO'),(82,'FJIMV'),(83,'KTZKBHABTH'),(84,'AGVKQJRJIHUYONESY'),(85,'ELCTSVFHJLCBCKK'),(86,'HF'),(87,'MMPFYPTSFOCNSFWNGRKVXT'),(88,'PNXZ'),(89,'XZOOQYTDRBMDQV'),(90,'TXTHRVCWNJRAWOHLBZDF'),(91,'NXOAISECIBADVPM'),(92,'PPDDLUQVDVJBNRKBVKQEFXDX'),(93,'WTVLPYXEVCSVASMGRIGKHX'),(94,'BKXVMCVQWDZEWZXPXJKDEJ'),(95,'ZMJFWBTDVDKIEUPOGT'),(96,'RTPWMSEVYZMWJC'),(97,'ZMMXUZYUCRIZJKEU'),(98,'WEXA'),(99,'JUHVYGJQLJBMTUJTCZIJDNI'),(100,'VLRREKZSTHFDALCYIESSZPLK');
/*!40000 ALTER TABLE `scim` ENABLE KEYS */;
UNLOCK TABLES;

--
-- Table structure for table `team`
--

DROP TABLE IF EXISTS `team`;
/*!40101 SET @saved_cs_client     = @@character_set_client */;
/*!50503 SET character_set_client = utf8mb4 */;
CREATE TABLE `team` (
  `id` int NOT NULL,
  PRIMARY KEY (`id`)
) ENGINE=InnoDB DEFAULT CHARSET=utf8mb4 COLLATE=utf8mb4_0900_ai_ci;
/*!40101 SET character_set_client = @saved_cs_client */;

--
-- Dumping data for table `team`
--

LOCK TABLES `team` WRITE;
/*!40000 ALTER TABLE `team` DISABLE KEYS */;
INSERT INTO `team` VALUES (1),(2),(3),(4),(5),(6),(7),(8),(9),(10),(11),(12),(13),(14),(15),(16),(17),(18),(19),(20),(21),(22),(23),(24),(25),(26),(27),(28),(29),(30),(31),(32),(33),(34),(35),(36),(37),(38),(39),(40),(41),(42),(43),(44),(45),(46),(47),(48),(49),(50),(51),(52),(53),(54),(55),(56),(57),(58),(59),(60),(61),(62),(63),(64),(65),(66),(67),(68),(69),(70),(71),(72),(73),(74),(75),(76),(77),(78),(79),(80),(81),(82),(83),(84),(85),(86),(87),(88),(89),(90),(91),(92),(93),(94),(95),(96),(97),(98),(99),(100);
/*!40000 ALTER TABLE `team` ENABLE KEYS */;
UNLOCK TABLES;

--
-- Table structure for table `user`
--

DROP TABLE IF EXISTS `user`;
/*!40101 SET @saved_cs_client     = @@character_set_client */;
/*!50503 SET character_set_client = utf8mb4 */;
CREATE TABLE `user` (
  `id` int NOT NULL,
  `external` varchar(45) DEFAULT NULL,
  `expires_at` varchar(45) DEFAULT NULL,
  `teamid` int DEFAULT NULL,
  PRIMARY KEY (`id`),
  KEY `team_idx` (`teamid`),
  CONSTRAINT `team` FOREIGN KEY (`teamid`) REFERENCES `team` (`id`)
) ENGINE=InnoDB DEFAULT CHARSET=utf8mb4 COLLATE=utf8mb4_0900_ai_ci;
/*!40101 SET character_set_client = @saved_cs_client */;

--
-- Dumping data for table `user`
--

LOCK TABLES `user` WRITE;
/*!40000 ALTER TABLE `user` DISABLE KEYS */;
INSERT INTO `user` VALUES (1,'ZLHPWPWTGHVA','EPGHISGBSCHAT',22),(2,'BOYFDJUG','LJJCJLGMZZJDJOBCJTNBWWCI',57),(3,'H','MJ',8),(4,'PIVU','DTGORPDEUMLCED',3),(5,'CS','KYAQDEUPP',34),(6,'IJKSPCLCSLKLPRGLFXQ','UAGTDZADJ',9),(7,'TBKNDSHABCKQJOCVANGV','NCJXOSFVZFBEJFTMMCIZUZE',55),(8,'WQNTKQDUPIVUJAZZIOYSLRY','PTWEJJDKFKWBOHYCT',14),(9,'NFLRRFAPO','QUSWDUMFXPXFGGFCJDL',2),(10,'KJXNCTBMMVCTBRUNSZNJQGRNJ','WZCQBEHCBTEPSSWLZPZNVX',8),(11,'VJ','XIYEBJAUTDZ',91),(12,'MFC','MRHOBPGYVRV',10),(13,'UI','FQAIYFJ',74),(14,'NOYOMXFAXAZNDMN','STFCJGWR',100),(15,'UTZRYUCOEXGRHRCCOFWCHAAGQ','BGFFEUSIFUKHBKYGQNCMERYZ',86),(16,'PKCHLQBSUS','YYTNTAIGEMHEAWHHGQ',30),(17,'MUNRSYN','BAJNVZQATHPQKSO',6),(18,'ASG','EYHOUNTXKVPMRBGRBO',45),(19,'NWJCMWOEHDJRITIXYCM','WCSLREZBSMEMFOOIAZEJ',94),(20,'JUYLJPQTXHMYYXMMBHJO','NLKWTILSDKAP',74),(21,'BWUZJWETAYDSJSPKMVQPOSG','ZSRTSPGXYGAXUCGRONLC',83),(22,'ZEPC','ZWVOHLVVCHRXVBY',33),(23,'SUOP','GZJKCOGXZETJXTXONCYQXBMV',88),(24,'EC','JTZYOV',60),(25,'UOINAVRXQEWRN','BFYYDQSKWGDOFMRTFVC',84),(26,'QYXYNBKJBGMCUWDBATMQQO','MPVZMIT',87),(27,'OSVKEKTOAWDTTWPZYGQTW','LFTUJNWOIAMMGWWX',46),(28,'JACXMHGGVCVJVRBFFJT','LLKZCDKKKJG',80),(29,'ADTKHYEYSNOZLBMV','KVOUYZSTGQ',58),(30,'IOMDPVDLNFLMTXRP','KD',1),(31,'BZEBHYWBZCAUMLVWZP','OAZJGXBT',9),(32,'ENUTVSTLFG','WQA',95),(33,'QPRS','CZVLQOAVHZZ',36),(34,'AZOTIZNE','TJXUMTETQKQCTUHDCSRMAQ',23),(35,'VNXWCVHPMWLGIB','WBMR',4),(36,'XHYL','DOSSMXJ',60),(37,'NOVTPQGZIGDYEFITWQ','JZDGLEPPWKDXUNTAYSRQUI',30),(38,'K','DDSVWRRFRV',44),(39,'VSMKLQOEGL','NBRYICPXHCQDS',55),(40,'UWABBPSHT','B',14),(41,'UTZE','TYMBLHUOMHZGNMRPKOKAPRLMR',86),(42,'KLL','LPYSNEN',8),(43,'PATTXLGYXFNZNHAJNI','C',53),(44,'QGTIHZORJIXZOKARVXMHV','IQQHVJUHAVNDQFA',70),(45,'QRU','YQJDJXBVNWVWXWSMLI',35),(46,'UQAEBDKJTBKMKBVOWDQY','OYEGE',76),(47,'VYFGYLIIJPQLZCYJ','MVL',4),(48,'BSFEPMWTWSWKWP','YXUSDKDPJWNOU',16),(49,'KSAFBFSOIKMJXLSHNAY','VFGVOEKDBBOKURQVICBOV',95),(50,'RJXEQWVQDL','XCJYIGRCCIVXVRBRJFRTQUGII',88),(51,'FRDTRVFCAVZMSJEYODMFA','UY',32),(52,'YLUJWOAPMOPZI','KJDURSCZAKIPRKHOABMAURPIJ',32),(53,'EDJZOUDEZONCDRKBOSVYLGC','GOWTFZMUIFZAT',30),(54,'MAJAPDHGBJNXPSZPMD','UCNUKNSFXFOSMSJNJ',89),(55,'SIYFMCNHZ','ZYCNYOEYDYBHJSKZMZ',6),(56,'FEKHVFV','HJUH',24),(57,'BVMHHONTPURGJRUFZM','CRLLYUBXEOI',32),(58,'GN','VA',65),(59,'UFXPV','ONBUPRKPDEKA',76),(60,'GOMJGEJXERWNFPURGMJNT','YPU',94),(61,'UOE','HCNIBPRGLGYYDQICFXOMUR',41),(62,'WPCPOLDXPREKY','ZLYYUUFMVNOXVXJREHCAL',51),(63,'IBXCTFKKELY','CMGBLNJLJTQVICWSS',17),(64,'SMOPTESI','PSJONIGNUGYEUGJGDQCJMZUPH',92),(65,'CBG','OTGSKZSUJ',11),(66,'Q','PCSYSXXHMFITSNDLSAEEGGJ',66),(67,'LLRKKBE','SZJQTQW',52),(68,'JIP','VFECQPNTVVQPP',28),(69,'PCSPDEENTJGB','HZZVAUYZQTKTQDFA',93),(70,'SZTDPSDRJERPZ','WVYOIEFG',67),(71,'UBB','KCSPALXBKHJWIQZ',80),(72,'ZIWPHVMAJJIT','STYAVOKATHPMEYGFHCGIDYNA',76),(73,'YBLOUOUSY','UBYEFGLANNMYZIJKMPVEAJ',31),(74,'CDYIVQ','PGRHMXC',62),(75,'LGUPXLUQPPCXKDE','KPU',1),(76,'BZOX','PVJDCLDZZMTJKOZFOLV',29),(77,'QVSDBXSUSE','M',42),(78,'IHYGAUJGJL','SECXRVWBYQSUBUKYVDTDANDFO',83),(79,'DBKCMJ','UHM',25),(80,'AMQEBGNYCGCHYYMZ','UHEXIERTGLER',62),(81,'GDDVZVVHAARUOEJT','IRMVTM',12),(82,'IPFRZCDBBK','EYUERTCXPHBFKSRFYBZO',2),(83,'PTQUJG','LTWSPKAHEPPUIODH',95),(84,'YKPJXAYAQOPIAPQEY','TIWZDZQRCGXTENOSNCE',10),(85,'J','UINCNPJOXFXPVCKJBWBTZ',86),(86,'HEXOOITQHQJWFYW','YKTUZGYXDBCNTWLMVLVKRMAI',10),(87,'OHZNNBUINPIHJPOQNMQHC','PNPUVNQFRJCNK',1),(88,'UJFTNTYBKUHEJGQYMXAV','XPFXSZRKQRV',53),(89,'GB','OUGA',14),(90,'XEXWWARYNWBPRURNZETWXX','LHUTBDF',7),(91,'ZWC','FJK',96),(92,'PQKGMVW','PZKAOAFEPX',83),(93,'DTZI','KFPNNANNYXGU',70),(94,'SLQLTAUMBNYL','ZSMVWVRZKATYRXVPBOTYOCXU',40),(95,'BVCAJSD','NLMTQYGLFFEGQFBRUTKB',30),(96,'TZD','IGBZ',72),(97,'DQXIYCTMNNTNWGLDZYPZXLRU','WTVOKQODWEUJMAHNQIA',46),(98,'PCFXRZUKG','JKRFJTIMUINRAMOOTQIAEED',59),(99,'UJGJKUDCX','QLAAUCRTPVPZTJCRHT',14),(100,'HSJT','KLWRISVMLYJO',31);
/*!40000 ALTER TABLE `user` ENABLE KEYS */;
UNLOCK TABLES;
/*!40103 SET TIME_ZONE=@OLD_TIME_ZONE */;

/*!40101 SET SQL_MODE=@OLD_SQL_MODE */;
/*!40014 SET FOREIGN_KEY_CHECKS=@OLD_FOREIGN_KEY_CHECKS */;
/*!40014 SET UNIQUE_CHECKS=@OLD_UNIQUE_CHECKS */;
/*!40101 SET CHARACTER_SET_CLIENT=@OLD_CHARACTER_SET_CLIENT */;
/*!40101 SET CHARACTER_SET_RESULTS=@OLD_CHARACTER_SET_RESULTS */;
/*!40101 SET COLLATION_CONNECTION=@OLD_COLLATION_CONNECTION */;
/*!40111 SET SQL_NOTES=@OLD_SQL_NOTES */;

-- Dump completed on 2024-09-04 17:14:17
